CodigoEstacion,NombreEstacion,Variable,Parametro,Fecha,Unidad,Valor,NivelAprobacion
26130570,NUEVO LIBARE [26130570],PRECIPITACION,Día pluviométrico (convencional),2016-03-12 00:00,mm,4.4,Definitivo
26130570,NUEVO LIBARE [26130570],PRECIPITACION,Día pluviométrico (convencional),2016-03-13 00:00,mm,27.8,Definitivo
26130570,NUEVO LIBARE [26130570],PRECIPITACION,Día pluviométrico (convencional),2016-03-14 00:00,mm,0,Definitivo
26130570,NUEVO LIBARE [26130570],PRECIPITACION,Día pluviométrico (convencional),2016-03-15 00:00,mm,0,Definitivo
26130570,NUEVO LIBARE [26130570],PRECIPITACION,Día pluviométrico (convencional),2016-03-16 00:00,mm,6.4,Definitivo
26130570,NUEVO LIBARE [26130570],PRECIPITACION,Día pluviométrico (convencional),2016-03-17 00:00,mm,0,Definitivo
26130570,NUEVO LIBARE [26130570],PRECIPITACION,Día pluviométrico (convencional),2016-03-18 00:00,mm,0,Definitivo
26130570,NUEVO LIBARE [26130570],PRECIPITACION,Día pluviométrico (convencional),2016-03-19 00:00,mm,0.9,Definitivo
26130570,NUEVO LIBARE [26130570],PRECIPITACION,Día pluviométrico (convencional),2016-03-20 00:00,mm,15.8,Definitivo
26130570,NUEVO LIBARE [26130570],PRECIPITACION,Día pluviométrico (convencional),2016-03-21 00:00,mm,0,Definitivo
26130570,NUEVO LIBARE [26130570],PRECIPITACION,Día pluviométrico (convencional),2016-03-22 00:00,mm,6.2,Definitivo
26130570,NUEVO LIBARE [26130570],PRECIPITACION,Día pluviométrico (convencional),2016-03-23 00:00,mm,0,Definitivo
26130570,NUEVO LIBARE [26130570],PRECIPITACION,Día pluviométrico (convencional),2016-03-24 00:00,mm,0,Definitivo
26130570,NUEVO LIBARE [26130570],PRECIPITACION,Día pluviométrico (convencional),2016-03-25 00:00,mm,0,Definitivo
26130570,NUEVO LIBARE [26130570],PRECIPITACION,Día pluviométrico (convencional),2016-03-26 00:00,mm,0,Definitivo
26130570,NUEVO LIBARE [26130570],PRECIPITACION,Día pluviométrico (convencional),2016-03-27 00:00,mm,7.2,Definitivo
26130570,NUEVO LIBARE [26130570],PRECIPITACION,Día pluviométrico (convencional),2016-03-28 00:00,mm,23.7,Definitivo
26130570,NUEVO LIBARE [26130570],PRECIPITACION,Día pluviométrico (convencional),2016-03-29 00:00,mm,0,Definitivo
26130570,NUEVO LIBARE [26130570],PRECIPITACION,Día pluviométrico (convencional),2016-03-30 00:00,mm,13.5,Definitivo
26130570,NUEVO LIBARE [26130570],PRECIPITACION,Día pluviométrico (convencional),2016-03-31 00:00,mm,0,Definitivo
26130570,NUEVO LIBARE [26130570],PRECIPITACION,Día pluviométrico (convencional),2016-04-01 00:00,mm,8.7,Definitivo
26130570,NUEVO LIBARE [26130570],PRECIPITACION,Día pluviométrico (convencional),2016-04-02 00:00,mm,9.5,Definitivo
26130570,NUEVO LIBARE [26130570],PRECIPITACION,Día pluviométrico (convencional),2016-04-03 00:00,mm,57.6,Definitivo
26130570,NUEVO LIBARE [26130570],PRECIPITACION,Día pluviométrico (convencional),2016-04-04 00:00,mm,8.5,Definitivo
26130570,NUEVO LIBARE [26130570],PRECIPITACION,Día pluviométrico (convencional),2016-04-05 00:00,mm,0,Definitivo
26130570,NUEVO LIBARE [26130570],PRECIPITACION,Día pluviométrico (convencional),2016-04-06 00:00,mm,1.8,Definitivo
26130570,NUEVO LIBARE [26130570],PRECIPITACION,Día pluviométrico (convencional),2016-04-07 00:00,mm,0,Definitivo
26130570,NUEVO LIBARE [26130570],PRECIPITACION,Día pluviométrico (convencional),2016-04-08 00:00,mm,0,Definitivo
26130570,NUEVO LIBARE [26130570],PRECIPITACION,Día pluviométrico (convencional),2016-04-09 00:00,mm,1.4,Definitivo
26130570,NUEVO LIBARE [26130570],PRECIPITACION,Día pluviométrico (convencional),2016-04-10 00:00,mm,25.6,Definitivo
26130570,NUEVO LIBARE [26130570],PRECIPITACION,Día pluviométrico (convencional),2016-04-11 00:00,mm,64.6,Definitivo
26130570,NUEVO LIBARE [26130570],PRECIPITACION,Día pluviométrico (convencional),2016-04-12 00:00,mm,10.3,Definitivo
26130570,NUEVO LIBARE [26130570],PRECIPITACION,Día pluviométrico (convencional),2016-04-13 00:00,mm,0,Definitivo
26130570,NUEVO LIBARE [26130570],PRECIPITACION,Día pluviométrico (convencional),2016-04-14 00:00,mm,0,Definitivo
26130570,NUEVO LIBARE [26130570],PRECIPITACION,Día pluviométrico (convencional),2016-04-15 00:00,mm,0.3,Definitivo
26130570,NUEVO LIBARE [26130570],PRECIPITACION,Día pluviométrico (convencional),2016-04-16 00:00,mm,44.6,Definitivo
26130570,NUEVO LIBARE [26130570],PRECIPITACION,Día pluviométrico (convencional),2016-04-17 00:00,mm,0.5,Definitivo
26130570,NUEVO LIBARE [26130570],PRECIPITACION,Día pluviométrico (convencional),2016-04-18 00:00,mm,0,Definitivo
26130570,NUEVO LIBARE [26130570],PRECIPITACION,Día pluviométrico (convencional),2016-04-19 00:00,mm,0,Definitivo
26130570,NUEVO LIBARE [26130570],PRECIPITACION,Día pluviométrico (convencional),2016-04-20 00:00,mm,3.7,Definitivo
26130570,NUEVO LIBARE [26130570],PRECIPITACION,Día pluviométrico (convencional),2016-04-21 00:00,mm,0.6,Definitivo
26130570,NUEVO LIBARE [26130570],PRECIPITACION,Día pluviométrico (convencional),2016-04-22 00:00,mm,5.6,Definitivo
26130570,NUEVO LIBARE [26130570],PRECIPITACION,Día pluviométrico (convencional),2016-04-23 00:00,mm,2.6,Definitivo
26130570,NUEVO LIBARE [26130570],PRECIPITACION,Día pluviométrico (convencional),2016-04-24 00:00,mm,8.8,Definitivo
26130570,NUEVO LIBARE [26130570],PRECIPITACION,Día pluviométrico (convencional),2016-04-25 00:00,mm,42.7,Definitivo
26130570,NUEVO LIBARE [26130570],PRECIPITACION,Día pluviométrico (convencional),2016-04-26 00:00,mm,2.4,Definitivo
26130570,NUEVO LIBARE [26130570],PRECIPITACION,Día pluviométrico (convencional),2016-04-27 00:00,mm,0.5,Definitivo
26130570,NUEVO LIBARE [26130570],PRECIPITACION,Día pluviométrico (convencional),2016-04-28 00:00,mm,44.6,Definitivo
26130570,NUEVO LIBARE [26130570],PRECIPITACION,Día pluviométrico (convencional),2016-04-29 00:00,mm,6.6,Definitivo
26130570,NUEVO LIBARE [26130570],PRECIPITACION,Día pluviométrico (convencional),2016-04-30 00:00,mm,37.8,Definitivo
26130570,NUEVO LIBARE [26130570],PRECIPITACION,Día pluviométrico (convencional),2016-05-01 00:00,mm,30.3,Definitivo
26130570,NUEVO LIBARE [26130570],PRECIPITACION,Día pluviométrico (convencional),2016-05-02 00:00,mm,21.8,Definitivo
26130570,NUEVO LIBARE [26130570],PRECIPITACION,Día pluviométrico (convencional),2016-05-03 00:00,mm,0,Definitivo
26130570,NUEVO LIBARE [26130570],PRECIPITACION,Día pluviométrico (convencional),2016-05-04 00:00,mm,0,Definitivo
26130570,NUEVO LIBARE [26130570],PRECIPITACION,Día pluviométrico (convencional),2016-05-05 00:00,mm,47.4,Definitivo
26130570,NUEVO LIBARE [26130570],PRECIPITACION,Día pluviométrico (convencional),2016-05-06 00:00,mm,57.5,Definitivo
26130570,NUEVO LIBARE [26130570],PRECIPITACION,Día pluviométrico (convencional),2016-05-07 00:00,mm,6.2,Definitivo
26130570,NUEVO LIBARE [26130570],PRECIPITACION,Día pluviométrico (convencional),2016-05-08 00:00,mm,32.4,Definitivo
26130570,NUEVO LIBARE [26130570],PRECIPITACION,Día pluviométrico (convencional),2016-05-09 00:00,mm,21.3,Definitivo
26130570,NUEVO LIBARE [26130570],PRECIPITACION,Día pluviométrico (convencional),2016-05-10 00:00,mm,16.7,Definitivo
26130570,NUEVO LIBARE [26130570],PRECIPITACION,Día pluviométrico (convencional),2016-05-11 00:00,mm,0.4,Definitivo
26130570,NUEVO LIBARE [26130570],PRECIPITACION,Día pluviométrico (convencional),2016-05-12 00:00,mm,8.3,Definitivo
26130570,NUEVO LIBARE [26130570],PRECIPITACION,Día pluviométrico (convencional),2016-05-13 00:00,mm,0,Definitivo
26130570,NUEVO LIBARE [26130570],PRECIPITACION,Día pluviométrico (convencional),2016-05-14 00:00,mm,0,Definitivo
26130570,NUEVO LIBARE [26130570],PRECIPITACION,Día pluviométrico (convencional),2016-05-15 00:00,mm,0,Definitivo
26130570,NUEVO LIBARE [26130570],PRECIPITACION,Día pluviométrico (convencional),2016-05-16 00:00,mm,0,Definitivo
26130570,NUEVO LIBARE [26130570],PRECIPITACION,Día pluviométrico (convencional),2016-05-17 00:00,mm,4.4,Definitivo
26130570,NUEVO LIBARE [26130570],PRECIPITACION,Día pluviométrico (convencional),2016-05-18 00:00,mm,0,Definitivo
26130570,NUEVO LIBARE [26130570],PRECIPITACION,Día pluviométrico (convencional),2016-05-19 00:00,mm,0,Definitivo
26130570,NUEVO LIBARE [26130570],PRECIPITACION,Día pluviométrico (convencional),2016-05-20 00:00,mm,3.4,Definitivo
26130570,NUEVO LIBARE [26130570],PRECIPITACION,Día pluviométrico (convencional),2016-05-21 00:00,mm,26.3,Definitivo
26130570,NUEVO LIBARE [26130570],PRECIPITACION,Día pluviométrico (convencional),2016-05-22 00:00,mm,1.1,Definitivo
26130570,NUEVO LIBARE [26130570],PRECIPITACION,Día pluviométrico (convencional),2016-05-23 00:00,mm,0,Definitivo
26130570,NUEVO LIBARE [26130570],PRECIPITACION,Día pluviométrico (convencional),2016-05-24 00:00,mm,0,Definitivo
26130570,NUEVO LIBARE [26130570],PRECIPITACION,Día pluviométrico (convencional),2016-05-25 00:00,mm,0,Definitivo
26130570,NUEVO LIBARE [26130570],PRECIPITACION,Día pluviométrico (convencional),2016-05-26 00:00,mm,0,Definitivo
26130570,NUEVO LIBARE [26130570],PRECIPITACION,Día pluviométrico (convencional),2016-05-27 00:00,mm,0,Definitivo
26130570,NUEVO LIBARE [26130570],PRECIPITACION,Día pluviométrico (convencional),2016-05-28 00:00,mm,13.3,Definitivo
26130570,NUEVO LIBARE [26130570],PRECIPITACION,Día pluviométrico (convencional),2016-05-29 00:00,mm,4.7,Definitivo
26130570,NUEVO LIBARE [26130570],PRECIPITACION,Día pluviométrico (convencional),2016-05-30 00:00,mm,26.5,Definitivo
26130570,NUEVO LIBARE [26130570],PRECIPITACION,Día pluviométrico (convencional),2016-05-31 00:00,mm,3.6,Definitivo
26130570,NUEVO LIBARE [26130570],PRECIPITACION,Día pluviométrico (convencional),2016-06-01 00:00,mm,0,Definitivo
26130570,NUEVO LIBARE [26130570],PRECIPITACION,Día pluviométrico (convencional),2016-06-02 00:00,mm,1.2,Definitivo
26130570,NUEVO LIBARE [26130570],PRECIPITACION,Día pluviométrico (convencional),2016-06-03 00:00,mm,9.4,Definitivo
26130570,NUEVO LIBARE [26130570],PRECIPITACION,Día pluviométrico (convencional),2016-06-04 00:00,mm,0,Definitivo
26130570,NUEVO LIBARE [26130570],PRECIPITACION,Día pluviométrico (convencional),2016-06-05 00:00,mm,0,Definitivo
26130570,NUEVO LIBARE [26130570],PRECIPITACION,Día pluviométrico (convencional),2016-06-06 00:00,mm,33.5,Definitivo
26130570,NUEVO LIBARE [26130570],PRECIPITACION,Día pluviométrico (convencional),2016-06-07 00:00,mm,2.2,Definitivo
26130570,NUEVO LIBARE [26130570],PRECIPITACION,Día pluviométrico (convencional),2016-06-08 00:00,mm,0,Definitivo
26130570,NUEVO LIBARE [26130570],PRECIPITACION,Día pluviométrico (convencional),2016-06-09 00:00,mm,7.3,Definitivo
26130570,NUEVO LIBARE [26130570],PRECIPITACION,Día pluviométrico (convencional),2016-06-10 00:00,mm,8.9,Definitivo
26130570,NUEVO LIBARE [26130570],PRECIPITACION,Día pluviométrico (convencional),2016-06-11 00:00,mm,0,Definitivo
26130570,NUEVO LIBARE [26130570],PRECIPITACION,Día pluviométrico (convencional),2016-06-12 00:00,mm,0,Definitivo
26130570,NUEVO LIBARE [26130570],PRECIPITACION,Día pluviométrico (convencional),2016-06-13 00:00,mm,0.9,Definitivo
26130570,NUEVO LIBARE [26130570],PRECIPITACION,Día pluviométrico (convencional),2016-06-14 00:00,mm,3.5,Definitivo
26130570,NUEVO LIBARE [26130570],PRECIPITACION,Día pluviométrico (convencional),2016-06-15 00:00,mm,0,Definitivo
26130570,NUEVO LIBARE [26130570],PRECIPITACION,Día pluviométrico (convencional),2016-06-16 00:00,mm,0,Definitivo
26130570,NUEVO LIBARE [26130570],PRECIPITACION,Día pluviométrico (convencional),2016-06-17 00:00,mm,10.1,Definitivo
26130570,NUEVO LIBARE [26130570],PRECIPITACION,Día pluviométrico (convencional),2016-06-18 00:00,mm,1.1,Definitivo
26130570,NUEVO LIBARE [26130570],PRECIPITACION,Día pluviométrico (convencional),2016-06-19 00:00,mm,6.8,Definitivo
26130570,NUEVO LIBARE [26130570],PRECIPITACION,Día pluviométrico (convencional),2016-06-20 00:00,mm,0,Definitivo
26130570,NUEVO LIBARE [26130570],PRECIPITACION,Día pluviométrico (convencional),2016-06-21 00:00,mm,0,Definitivo
26130570,NUEVO LIBARE [26130570],PRECIPITACION,Día pluviométrico (convencional),2016-06-22 00:00,mm,35.6,Definitivo
26130570,NUEVO LIBARE [26130570],PRECIPITACION,Día pluviométrico (convencional),2016-06-23 00:00,mm,0,Definitivo
26130570,NUEVO LIBARE [26130570],PRECIPITACION,Día pluviométrico (convencional),2016-06-24 00:00,mm,4.4,Definitivo
26130570,NUEVO LIBARE [26130570],PRECIPITACION,Día pluviométrico (convencional),2016-06-25 00:00,mm,7.7,Definitivo
26130570,NUEVO LIBARE [26130570],PRECIPITACION,Día pluviométrico (convencional),2016-06-26 00:00,mm,0,Definitivo
26130570,NUEVO LIBARE [26130570],PRECIPITACION,Día pluviométrico (convencional),2016-06-27 00:00,mm,0,Definitivo
26130570,NUEVO LIBARE [26130570],PRECIPITACION,Día pluviométrico (convencional),2016-06-28 00:00,mm,0,Definitivo
26130570,NUEVO LIBARE [26130570],PRECIPITACION,Día pluviométrico (convencional),2016-06-29 00:00,mm,0,Definitivo
26130570,NUEVO LIBARE [26130570],PRECIPITACION,Día pluviométrico (convencional),2016-06-30 00:00,mm,4.8,Definitivo
26130570,NUEVO LIBARE [26130570],PRECIPITACION,Día pluviométrico (convencional),2016-07-01 00:00,mm,26.3,Definitivo
26130570,NUEVO LIBARE [26130570],PRECIPITACION,Día pluviométrico (convencional),2016-07-02 00:00,mm,12.3,Definitivo
26130570,NUEVO LIBARE [26130570],PRECIPITACION,Día pluviométrico (convencional),2016-07-03 00:00,mm,3.5,Definitivo
26130570,NUEVO LIBARE [26130570],PRECIPITACION,Día pluviométrico (convencional),2016-07-04 00:00,mm,0.6,Definitivo
26130570,NUEVO LIBARE [26130570],PRECIPITACION,Día pluviométrico (convencional),2016-07-05 00:00,mm,17.2,Definitivo
26130570,NUEVO LIBARE [26130570],PRECIPITACION,Día pluviométrico (convencional),2016-07-06 00:00,mm,8.4,Definitivo
26130570,NUEVO LIBARE [26130570],PRECIPITACION,Día pluviométrico (convencional),2016-07-07 00:00,mm,0,Definitivo
26130570,NUEVO LIBARE [26130570],PRECIPITACION,Día pluviométrico (convencional),2016-07-08 00:00,mm,0,Definitivo
26130570,NUEVO LIBARE [26130570],PRECIPITACION,Día pluviométrico (convencional),2016-07-09 00:00,mm,0,Definitivo
26130570,NUEVO LIBARE [26130570],PRECIPITACION,Día pluviométrico (convencional),2016-07-10 00:00,mm,0,Definitivo
26130570,NUEVO LIBARE [26130570],PRECIPITACION,Día pluviométrico (convencional),2016-07-11 00:00,mm,14.5,Definitivo
26130570,NUEVO LIBARE [26130570],PRECIPITACION,Día pluviométrico (convencional),2016-07-12 00:00,mm,1.3,Definitivo
26130570,NUEVO LIBARE [26130570],PRECIPITACION,Día pluviométrico (convencional),2016-07-13 00:00,mm,1.5,Definitivo
26130570,NUEVO LIBARE [26130570],PRECIPITACION,Día pluviométrico (convencional),2016-07-14 00:00,mm,0,Definitivo
26130570,NUEVO LIBARE [26130570],PRECIPITACION,Día pluviométrico (convencional),2016-07-15 00:00,mm,6,Definitivo
26130570,NUEVO LIBARE [26130570],PRECIPITACION,Día pluviométrico (convencional),2016-07-16 00:00,mm,3.9,Definitivo
26130570,NUEVO LIBARE [26130570],PRECIPITACION,Día pluviométrico (convencional),2016-07-17 00:00,mm,13.6,Definitivo
26130570,NUEVO LIBARE [26130570],PRECIPITACION,Día pluviométrico (convencional),2016-07-18 00:00,mm,0,Definitivo
26130570,NUEVO LIBARE [26130570],PRECIPITACION,Día pluviométrico (convencional),2016-07-19 00:00,mm,0.5,Definitivo
26130570,NUEVO LIBARE [26130570],PRECIPITACION,Día pluviométrico (convencional),2016-07-20 00:00,mm,0.6,Definitivo
26130570,NUEVO LIBARE [26130570],PRECIPITACION,Día pluviométrico (convencional),2016-07-21 00:00,mm,7.2,Definitivo
26130570,NUEVO LIBARE [26130570],PRECIPITACION,Día pluviométrico (convencional),2016-07-22 00:00,mm,7.3,Definitivo
26130570,NUEVO LIBARE [26130570],PRECIPITACION,Día pluviométrico (convencional),2016-07-23 00:00,mm,11.8,Definitivo
26130570,NUEVO LIBARE [26130570],PRECIPITACION,Día pluviométrico (convencional),2016-07-24 00:00,mm,1.6,Definitivo
26130570,NUEVO LIBARE [26130570],PRECIPITACION,Día pluviométrico (convencional),2016-07-25 00:00,mm,5.5,Definitivo
26130570,NUEVO LIBARE [26130570],PRECIPITACION,Día pluviométrico (convencional),2016-07-26 00:00,mm,3,Definitivo
26130570,NUEVO LIBARE [26130570],PRECIPITACION,Día pluviométrico (convencional),2016-07-27 00:00,mm,6,Definitivo
26130570,NUEVO LIBARE [26130570],PRECIPITACION,Día pluviométrico (convencional),2016-07-28 00:00,mm,0,Definitivo
26130570,NUEVO LIBARE [26130570],PRECIPITACION,Día pluviométrico (convencional),2016-07-29 00:00,mm,0,Definitivo
26130570,NUEVO LIBARE [26130570],PRECIPITACION,Día pluviométrico (convencional),2016-07-30 00:00,mm,7.7,Definitivo
26130570,NUEVO LIBARE [26130570],PRECIPITACION,Día pluviométrico (convencional),2016-07-31 00:00,mm,2.3,Definitivo
26130570,NUEVO LIBARE [26130570],PRECIPITACION,Día pluviométrico (convencional),2016-08-01 00:00,mm,1.2,Definitivo
26130570,NUEVO LIBARE [26130570],PRECIPITACION,Día pluviométrico (convencional),2016-08-02 00:00,mm,0.7,Definitivo
26130570,NUEVO LIBARE [26130570],PRECIPITACION,Día pluviométrico (convencional),2016-08-03 00:00,mm,0,Definitivo
26130570,NUEVO LIBARE [26130570],PRECIPITACION,Día pluviométrico (convencional),2016-08-04 00:00,mm,2.8,Definitivo
26130570,NUEVO LIBARE [26130570],PRECIPITACION,Día pluviométrico (convencional),2016-08-05 00:00,mm,0,Definitivo
26130570,NUEVO LIBARE [26130570],PRECIPITACION,Día pluviométrico (convencional),2016-08-06 00:00,mm,5.5,Definitivo
26130570,NUEVO LIBARE [26130570],PRECIPITACION,Día pluviométrico (convencional),2016-08-07 00:00,mm,0,Definitivo
26130570,NUEVO LIBARE [26130570],PRECIPITACION,Día pluviométrico (convencional),2016-08-08 00:00,mm,9.9,Definitivo
26130570,NUEVO LIBARE [26130570],PRECIPITACION,Día pluviométrico (convencional),2016-08-09 00:00,mm,1.9,Definitivo
26130570,NUEVO LIBARE [26130570],PRECIPITACION,Día pluviométrico (convencional),2016-08-10 00:00,mm,0,Definitivo
26130570,NUEVO LIBARE [26130570],PRECIPITACION,Día pluviométrico (convencional),2016-08-11 00:00,mm,1.6,Definitivo
26130570,NUEVO LIBARE [26130570],PRECIPITACION,Día pluviométrico (convencional),2016-08-12 00:00,mm,1.2,Definitivo
26130570,NUEVO LIBARE [26130570],PRECIPITACION,Día pluviométrico (convencional),2016-08-13 00:00,mm,0.3,Definitivo
26130570,NUEVO LIBARE [26130570],PRECIPITACION,Día pluviométrico (convencional),2016-08-14 00:00,mm,6.4,Definitivo
26130570,NUEVO LIBARE [26130570],PRECIPITACION,Día pluviométrico (convencional),2016-08-15 00:00,mm,0,Definitivo
26130570,NUEVO LIBARE [26130570],PRECIPITACION,Día pluviométrico (convencional),2016-08-16 00:00,mm,1.3,Definitivo
26130570,NUEVO LIBARE [26130570],PRECIPITACION,Día pluviométrico (convencional),2016-08-17 00:00,mm,2.6,Definitivo
26130570,NUEVO LIBARE [26130570],PRECIPITACION,Día pluviométrico (convencional),2016-08-18 00:00,mm,0,Definitivo
26130570,NUEVO LIBARE [26130570],PRECIPITACION,Día pluviométrico (convencional),2016-08-19 00:00,mm,0,Definitivo
26130570,NUEVO LIBARE [26130570],PRECIPITACION,Día pluviométrico (convencional),2016-08-20 00:00,mm,0,Definitivo
26130570,NUEVO LIBARE [26130570],PRECIPITACION,Día pluviométrico (convencional),2016-08-21 00:00,mm,0,Definitivo
26130570,NUEVO LIBARE [26130570],PRECIPITACION,Día pluviométrico (convencional),2016-08-22 00:00,mm,0,Definitivo
26130570,NUEVO LIBARE [26130570],PRECIPITACION,Día pluviométrico (convencional),2016-08-23 00:00,mm,0.8,Definitivo
26130570,NUEVO LIBARE [26130570],PRECIPITACION,Día pluviométrico (convencional),2016-08-24 00:00,mm,0,Definitivo
26130570,NUEVO LIBARE [26130570],PRECIPITACION,Día pluviométrico (convencional),2016-08-25 00:00,mm,12.8,Definitivo
26130570,NUEVO LIBARE [26130570],PRECIPITACION,Día pluviométrico (convencional),2016-08-26 00:00,mm,2.2,Definitivo
26130570,NUEVO LIBARE [26130570],PRECIPITACION,Día pluviométrico (convencional),2016-08-27 00:00,mm,0,Definitivo
26130570,NUEVO LIBARE [26130570],PRECIPITACION,Día pluviométrico (convencional),2016-08-28 00:00,mm,0,Definitivo
26130570,NUEVO LIBARE [26130570],PRECIPITACION,Día pluviométrico (convencional),2016-08-29 00:00,mm,1,Definitivo
26130570,NUEVO LIBARE [26130570],PRECIPITACION,Día pluviométrico (convencional),2016-08-30 00:00,mm,6.7,Definitivo
26130570,NUEVO LIBARE [26130570],PRECIPITACION,Día pluviométrico (convencional),2016-08-31 00:00,mm,10.2,Definitivo
26130570,NUEVO LIBARE [26130570],PRECIPITACION,Día pluviométrico (convencional),2016-09-01 00:00,mm,6.4,Definitivo
26130570,NUEVO LIBARE [26130570],PRECIPITACION,Día pluviométrico (convencional),2016-09-02 00:00,mm,0,Definitivo
26130570,NUEVO LIBARE [26130570],PRECIPITACION,Día pluviométrico (convencional),2016-09-03 00:00,mm,0,Definitivo
26130570,NUEVO LIBARE [26130570],PRECIPITACION,Día pluviométrico (convencional),2016-09-04 00:00,mm,6,Definitivo
26130570,NUEVO LIBARE [26130570],PRECIPITACION,Día pluviométrico (convencional),2016-09-05 00:00,mm,1.8,Definitivo
26130570,NUEVO LIBARE [26130570],PRECIPITACION,Día pluviométrico (convencional),2016-09-06 00:00,mm,0.6,Definitivo
26130570,NUEVO LIBARE [26130570],PRECIPITACION,Día pluviométrico (convencional),2016-09-07 00:00,mm,7.2,Definitivo
26130570,NUEVO LIBARE [26130570],PRECIPITACION,Día pluviométrico (convencional),2016-09-08 00:00,mm,0,Definitivo
26130570,NUEVO LIBARE [26130570],PRECIPITACION,Día pluviométrico (convencional),2016-09-09 00:00,mm,5.9,Definitivo
26130570,NUEVO LIBARE [26130570],PRECIPITACION,Día pluviométrico (convencional),2016-09-10 00:00,mm,1.5,Definitivo
26130570,NUEVO LIBARE [26130570],PRECIPITACION,Día pluviométrico (convencional),2016-09-11 00:00,mm,61.5,Definitivo
26130570,NUEVO LIBARE [26130570],PRECIPITACION,Día pluviométrico (convencional),2016-09-12 00:00,mm,0.9,Definitivo
26130570,NUEVO LIBARE [26130570],PRECIPITACION,Día pluviométrico (convencional),2016-09-13 00:00,mm,63,Definitivo
26130570,NUEVO LIBARE [26130570],PRECIPITACION,Día pluviométrico (convencional),2016-09-14 00:00,mm,18.7,Definitivo
26130570,NUEVO LIBARE [26130570],PRECIPITACION,Día pluviométrico (convencional),2016-09-15 00:00,mm,31.8,Definitivo
26130570,NUEVO LIBARE [26130570],PRECIPITACION,Día pluviométrico (convencional),2016-09-16 00:00,mm,0,Definitivo
26130570,NUEVO LIBARE [26130570],PRECIPITACION,Día pluviométrico (convencional),2016-09-17 00:00,mm,0,Definitivo
26130570,NUEVO LIBARE [26130570],PRECIPITACION,Día pluviométrico (convencional),2016-09-18 00:00,mm,0,Definitivo
26130570,NUEVO LIBARE [26130570],PRECIPITACION,Día pluviométrico (convencional),2016-09-19 00:00,mm,0,Definitivo
26130570,NUEVO LIBARE [26130570],PRECIPITACION,Día pluviométrico (convencional),2016-09-20 00:00,mm,8.2,Definitivo
26130570,NUEVO LIBARE [26130570],PRECIPITACION,Día pluviométrico (convencional),2016-09-21 00:00,mm,0,Definitivo
26130570,NUEVO LIBARE [26130570],PRECIPITACION,Día pluviométrico (convencional),2016-09-22 00:00,mm,3.6,Definitivo
26130570,NUEVO LIBARE [26130570],PRECIPITACION,Día pluviométrico (convencional),2016-09-23 00:00,mm,0,Definitivo
26130570,NUEVO LIBARE [26130570],PRECIPITACION,Día pluviométrico (convencional),2016-09-24 00:00,mm,1.7,Definitivo
26130570,NUEVO LIBARE [26130570],PRECIPITACION,Día pluviométrico (convencional),2016-09-25 00:00,mm,0,Definitivo
26130570,NUEVO LIBARE [26130570],PRECIPITACION,Día pluviométrico (convencional),2016-09-26 00:00,mm,0,Definitivo
26130570,NUEVO LIBARE [26130570],PRECIPITACION,Día pluviométrico (convencional),2016-09-27 00:00,mm,6.5,Definitivo
26130570,NUEVO LIBARE [26130570],PRECIPITACION,Día pluviométrico (convencional),2016-09-28 00:00,mm,0,Definitivo
26130570,NUEVO LIBARE [26130570],PRECIPITACION,Día pluviométrico (convencional),2016-09-29 00:00,mm,44.7,Definitivo
26130570,NUEVO LIBARE [26130570],PRECIPITACION,Día pluviométrico (convencional),2016-09-30 00:00,mm,67.6,Definitivo
26130570,NUEVO LIBARE [26130570],PRECIPITACION,Día pluviométrico (convencional),2016-10-01 00:00,mm,13,Definitivo
26130570,NUEVO LIBARE [26130570],PRECIPITACION,Día pluviométrico (convencional),2016-10-02 00:00,mm,0.6,Definitivo
26130570,NUEVO LIBARE [26130570],PRECIPITACION,Día pluviométrico (convencional),2016-10-03 00:00,mm,0,Definitivo
26130570,NUEVO LIBARE [26130570],PRECIPITACION,Día pluviométrico (convencional),2016-10-04 00:00,mm,13.7,Definitivo
26130570,NUEVO LIBARE [26130570],PRECIPITACION,Día pluviométrico (convencional),2016-10-05 00:00,mm,0,Definitivo
26130570,NUEVO LIBARE [26130570],PRECIPITACION,Día pluviométrico (convencional),2016-10-06 00:00,mm,32.5,Definitivo
26130570,NUEVO LIBARE [26130570],PRECIPITACION,Día pluviométrico (convencional),2016-10-07 00:00,mm,5.6,Definitivo
26130570,NUEVO LIBARE [26130570],PRECIPITACION,Día pluviométrico (convencional),2016-10-08 00:00,mm,26.2,Definitivo
26130570,NUEVO LIBARE [26130570],PRECIPITACION,Día pluviométrico (convencional),2016-10-09 00:00,mm,2.7,Definitivo
26130570,NUEVO LIBARE [26130570],PRECIPITACION,Día pluviométrico (convencional),2016-10-10 00:00,mm,5.9,Definitivo
26130570,NUEVO LIBARE [26130570],PRECIPITACION,Día pluviométrico (convencional),2016-10-11 00:00,mm,11.5,Definitivo
26130570,NUEVO LIBARE [26130570],PRECIPITACION,Día pluviométrico (convencional),2016-10-12 00:00,mm,0,Definitivo
26130570,NUEVO LIBARE [26130570],PRECIPITACION,Día pluviométrico (convencional),2016-10-13 00:00,mm,2.4,Definitivo
26130570,NUEVO LIBARE [26130570],PRECIPITACION,Día pluviométrico (convencional),2016-10-14 00:00,mm,6.8,Definitivo
26130570,NUEVO LIBARE [26130570],PRECIPITACION,Día pluviométrico (convencional),2016-10-15 00:00,mm,24.6,Definitivo
26130570,NUEVO LIBARE [26130570],PRECIPITACION,Día pluviométrico (convencional),2016-10-16 00:00,mm,5.2,Definitivo
26130570,NUEVO LIBARE [26130570],PRECIPITACION,Día pluviométrico (convencional),2016-10-17 00:00,mm,8.3,Definitivo
26130570,NUEVO LIBARE [26130570],PRECIPITACION,Día pluviométrico (convencional),2016-10-18 00:00,mm,0,Definitivo
26130570,NUEVO LIBARE [26130570],PRECIPITACION,Día pluviométrico (convencional),2016-10-19 00:00,mm,1.4,Definitivo
26130570,NUEVO LIBARE [26130570],PRECIPITACION,Día pluviométrico (convencional),2016-10-20 00:00,mm,2.8,Definitivo
26130570,NUEVO LIBARE [26130570],PRECIPITACION,Día pluviométrico (convencional),2016-10-21 00:00,mm,2.2,Definitivo
26130570,NUEVO LIBARE [26130570],PRECIPITACION,Día pluviométrico (convencional),2016-10-22 00:00,mm,3.8,Definitivo
26130570,NUEVO LIBARE [26130570],PRECIPITACION,Día pluviométrico (convencional),2016-10-23 00:00,mm,12.5,Definitivo
26130570,NUEVO LIBARE [26130570],PRECIPITACION,Día pluviométrico (convencional),2016-10-24 00:00,mm,49.2,Definitivo
26130570,NUEVO LIBARE [26130570],PRECIPITACION,Día pluviométrico (convencional),2016-10-25 00:00,mm,7.4,Definitivo
26130570,NUEVO LIBARE [26130570],PRECIPITACION,Día pluviométrico (convencional),2016-10-26 00:00,mm,0.5,Definitivo
26130570,NUEVO LIBARE [26130570],PRECIPITACION,Día pluviométrico (convencional),2016-10-27 00:00,mm,6.9,Definitivo
26130570,NUEVO LIBARE [26130570],PRECIPITACION,Día pluviométrico (convencional),2016-10-28 00:00,mm,1.8,Definitivo
26130570,NUEVO LIBARE [26130570],PRECIPITACION,Día pluviométrico (convencional),2016-10-29 00:00,mm,1.8,Definitivo
26130570,NUEVO LIBARE [26130570],PRECIPITACION,Día pluviométrico (convencional),2016-10-30 00:00,mm,0,Definitivo
26130570,NUEVO LIBARE [26130570],PRECIPITACION,Día pluviométrico (convencional),2016-10-31 00:00,mm,28.8,Definitivo
26130570,NUEVO LIBARE [26130570],PRECIPITACION,Día pluviométrico (convencional),2016-11-01 00:00,mm,0.7,Definitivo
26130570,NUEVO LIBARE [26130570],PRECIPITACION,Día pluviométrico (convencional),2016-11-02 00:00,mm,5.2,Definitivo
26130570,NUEVO LIBARE [26130570],PRECIPITACION,Día pluviométrico (convencional),2016-11-03 00:00,mm,47.7,Definitivo
26130570,NUEVO LIBARE [26130570],PRECIPITACION,Día pluviométrico (convencional),2016-11-04 00:00,mm,2.8,Definitivo
26130570,NUEVO LIBARE [26130570],PRECIPITACION,Día pluviométrico (convencional),2016-11-05 00:00,mm,0,Definitivo
26130570,NUEVO LIBARE [26130570],PRECIPITACION,Día pluviométrico (convencional),2016-11-06 00:00,mm,6.5,Definitivo
26130570,NUEVO LIBARE [26130570],PRECIPITACION,Día pluviométrico (convencional),2016-11-07 00:00,mm,24.2,Definitivo
26130570,NUEVO LIBARE [26130570],PRECIPITACION,Día pluviométrico (convencional),2016-11-08 00:00,mm,15.2,Definitivo
26130570,NUEVO LIBARE [26130570],PRECIPITACION,Día pluviométrico (convencional),2016-11-09 00:00,mm,0,Definitivo
26130570,NUEVO LIBARE [26130570],PRECIPITACION,Día pluviométrico (convencional),2016-11-10 00:00,mm,14.5,Definitivo
26130570,NUEVO LIBARE [26130570],PRECIPITACION,Día pluviométrico (convencional),2016-11-11 00:00,mm,9.7,Definitivo
26130570,NUEVO LIBARE [26130570],PRECIPITACION,Día pluviométrico (convencional),2016-11-12 00:00,mm,15.5,Definitivo
26130570,NUEVO LIBARE [26130570],PRECIPITACION,Día pluviométrico (convencional),2016-11-13 00:00,mm,1.5,Definitivo
26130570,NUEVO LIBARE [26130570],PRECIPITACION,Día pluviométrico (convencional),2016-11-14 00:00,mm,6.7,Definitivo
26130570,NUEVO LIBARE [26130570],PRECIPITACION,Día pluviométrico (convencional),2016-11-15 00:00,mm,0,Definitivo
26130570,NUEVO LIBARE [26130570],PRECIPITACION,Día pluviométrico (convencional),2016-11-16 00:00,mm,17.3,Definitivo
26130570,NUEVO LIBARE [26130570],PRECIPITACION,Día pluviométrico (convencional),2016-11-17 00:00,mm,23.4,Definitivo
26130570,NUEVO LIBARE [26130570],PRECIPITACION,Día pluviométrico (convencional),2016-11-18 00:00,mm,12.5,Definitivo
26130570,NUEVO LIBARE [26130570],PRECIPITACION,Día pluviométrico (convencional),2016-11-19 00:00,mm,24.8,Definitivo
26130570,NUEVO LIBARE [26130570],PRECIPITACION,Día pluviométrico (convencional),2016-11-20 00:00,mm,2.4,Definitivo
26130570,NUEVO LIBARE [26130570],PRECIPITACION,Día pluviométrico (convencional),2016-11-21 00:00,mm,0,Definitivo
26130570,NUEVO LIBARE [26130570],PRECIPITACION,Día pluviométrico (convencional),2016-11-22 00:00,mm,0,Definitivo
26130570,NUEVO LIBARE [26130570],PRECIPITACION,Día pluviométrico (convencional),2016-11-23 00:00,mm,0,Definitivo
26130570,NUEVO LIBARE [26130570],PRECIPITACION,Día pluviométrico (convencional),2016-11-24 00:00,mm,55.7,Definitivo
26130570,NUEVO LIBARE [26130570],PRECIPITACION,Día pluviométrico (convencional),2016-11-25 00:00,mm,38.9,Definitivo
26130570,NUEVO LIBARE [26130570],PRECIPITACION,Día pluviométrico (convencional),2016-11-26 00:00,mm,26.6,Definitivo
26130570,NUEVO LIBARE [26130570],PRECIPITACION,Día pluviométrico (convencional),2016-11-27 00:00,mm,4.5,Definitivo
26130570,NUEVO LIBARE [26130570],PRECIPITACION,Día pluviométrico (convencional),2016-11-28 00:00,mm,27,Definitivo
26130570,NUEVO LIBARE [26130570],PRECIPITACION,Día pluviométrico (convencional),2016-11-29 00:00,mm,3.3,Definitivo
26130570,NUEVO LIBARE [26130570],PRECIPITACION,Día pluviométrico (convencional),2016-11-30 00:00,mm,13.3,Definitivo
26130570,NUEVO LIBARE [26130570],PRECIPITACION,Día pluviométrico (convencional),2016-12-01 00:00,mm,20.7,Definitivo
26130570,NUEVO LIBARE [26130570],PRECIPITACION,Día pluviométrico (convencional),2016-12-02 00:00,mm,2.2,Definitivo
26130570,NUEVO LIBARE [26130570],PRECIPITACION,Día pluviométrico (convencional),2016-12-03 00:00,mm,7.3,Definitivo
26130570,NUEVO LIBARE [26130570],PRECIPITACION,Día pluviométrico (convencional),2016-12-04 00:00,mm,4.3,Definitivo
26130570,NUEVO LIBARE [26130570],PRECIPITACION,Día pluviométrico (convencional),2016-12-05 00:00,mm,5.6,Definitivo
26130570,NUEVO LIBARE [26130570],PRECIPITACION,Día pluviométrico (convencional),2016-12-06 00:00,mm,35.3,Definitivo
26130570,NUEVO LIBARE [26130570],PRECIPITACION,Día pluviométrico (convencional),2016-12-07 00:00,mm,3,Definitivo
26130570,NUEVO LIBARE [26130570],PRECIPITACION,Día pluviométrico (convencional),2016-12-08 00:00,mm,39.7,Definitivo
26130570,NUEVO LIBARE [26130570],PRECIPITACION,Día pluviométrico (convencional),2016-12-09 00:00,mm,0.9,Definitivo
26130570,NUEVO LIBARE [26130570],PRECIPITACION,Día pluviométrico (convencional),2016-12-10 00:00,mm,0.5,Definitivo
26130570,NUEVO LIBARE [26130570],PRECIPITACION,Día pluviométrico (convencional),2016-12-11 00:00,mm,0,Definitivo
26130570,NUEVO LIBARE [26130570],PRECIPITACION,Día pluviométrico (convencional),2016-12-12 00:00,mm,0,Definitivo
26130570,NUEVO LIBARE [26130570],PRECIPITACION,Día pluviométrico (convencional),2016-12-13 00:00,mm,0,Definitivo
26130570,NUEVO LIBARE [26130570],PRECIPITACION,Día pluviométrico (convencional),2016-12-14 00:00,mm,0,Definitivo
26130570,NUEVO LIBARE [26130570],PRECIPITACION,Día pluviométrico (convencional),2016-12-15 00:00,mm,0.4,Definitivo
26130570,NUEVO LIBARE [26130570],PRECIPITACION,Día pluviométrico (convencional),2016-12-16 00:00,mm,28.2,Definitivo
26130570,NUEVO LIBARE [26130570],PRECIPITACION,Día pluviométrico (convencional),2016-12-17 00:00,mm,0,Definitivo
26130570,NUEVO LIBARE [26130570],PRECIPITACION,Día pluviométrico (convencional),2016-12-18 00:00,mm,13.9,Definitivo
26130570,NUEVO LIBARE [26130570],PRECIPITACION,Día pluviométrico (convencional),2016-12-19 00:00,mm,7.4,Definitivo
26130570,NUEVO LIBARE [26130570],PRECIPITACION,Día pluviométrico (convencional),2016-12-20 00:00,mm,3.8,Definitivo
26130570,NUEVO LIBARE [26130570],PRECIPITACION,Día pluviométrico (convencional),2016-12-21 00:00,mm,0.5,Definitivo
26130570,NUEVO LIBARE [26130570],PRECIPITACION,Día pluviométrico (convencional),2016-12-22 00:00,mm,0,Definitivo
26130570,NUEVO LIBARE [26130570],PRECIPITACION,Día pluviométrico (convencional),2016-12-23 00:00,mm,0,Definitivo
26130570,NUEVO LIBARE [26130570],PRECIPITACION,Día pluviométrico (convencional),2016-12-24 00:00,mm,0.2,Definitivo
26130570,NUEVO LIBARE [26130570],PRECIPITACION,Día pluviométrico (convencional),2016-12-25 00:00,mm,0,Definitivo
26130570,NUEVO LIBARE [26130570],PRECIPITACION,Día pluviométrico (convencional),2016-12-26 00:00,mm,18.5,Definitivo
26130570,NUEVO LIBARE [26130570],PRECIPITACION,Día pluviométrico (convencional),2016-12-27 00:00,mm,5,Definitivo
26130570,NUEVO LIBARE [26130570],PRECIPITACION,Día pluviométrico (convencional),2016-12-28 00:00,mm,15.2,Definitivo
26130570,NUEVO LIBARE [26130570],PRECIPITACION,Día pluviométrico (convencional),2016-12-29 00:00,mm,0,Definitivo
26130570,NUEVO LIBARE [26130570],PRECIPITACION,Día pluviométrico (convencional),2016-12-30 00:00,mm,95.2,Definitivo
26130570,NUEVO LIBARE [26130570],PRECIPITACION,Día pluviométrico (convencional),2016-12-31 00:00,mm,5.5,Definitivo
26130570,NUEVO LIBARE [26130570],PRECIPITACION,Día pluviométrico (convencional),2017-01-01 00:00,mm,4.8,Definitivo
26130570,NUEVO LIBARE [26130570],PRECIPITACION,Día pluviométrico (convencional),2017-01-02 00:00,mm,0,Definitivo
26130570,NUEVO LIBARE [26130570],PRECIPITACION,Día pluviométrico (convencional),2017-01-03 00:00,mm,0,Definitivo
26130570,NUEVO LIBARE [26130570],PRECIPITACION,Día pluviométrico (convencional),2017-01-04 00:00,mm,0,Definitivo
26130570,NUEVO LIBARE [26130570],PRECIPITACION,Día pluviométrico (convencional),2017-01-05 00:00,mm,14.4,Definitivo
26130570,NUEVO LIBARE [26130570],PRECIPITACION,Día pluviométrico (convencional),2017-01-06 00:00,mm,0,Definitivo
26130570,NUEVO LIBARE [26130570],PRECIPITACION,Día pluviométrico (convencional),2017-01-07 00:00,mm,60.5,Definitivo
26130570,NUEVO LIBARE [26130570],PRECIPITACION,Día pluviométrico (convencional),2017-01-08 00:00,mm,3.4,Definitivo
26130570,NUEVO LIBARE [26130570],PRECIPITACION,Día pluviométrico (convencional),2017-01-09 00:00,mm,5.2,Definitivo
26130570,NUEVO LIBARE [26130570],PRECIPITACION,Día pluviométrico (convencional),2017-01-10 00:00,mm,40.8,Definitivo
26130570,NUEVO LIBARE [26130570],PRECIPITACION,Día pluviométrico (convencional),2017-01-11 00:00,mm,11,Definitivo
26130570,NUEVO LIBARE [26130570],PRECIPITACION,Día pluviométrico (convencional),2017-01-12 00:00,mm,0,Definitivo
26130570,NUEVO LIBARE [26130570],PRECIPITACION,Día pluviométrico (convencional),2017-01-13 00:00,mm,18.5,Definitivo
26130570,NUEVO LIBARE [26130570],PRECIPITACION,Día pluviométrico (convencional),2017-01-14 00:00,mm,4.2,Definitivo
26130570,NUEVO LIBARE [26130570],PRECIPITACION,Día pluviométrico (convencional),2017-01-15 00:00,mm,0,Definitivo
26130570,NUEVO LIBARE [26130570],PRECIPITACION,Día pluviométrico (convencional),2017-01-16 00:00,mm,0.7,Definitivo
26130570,NUEVO LIBARE [26130570],PRECIPITACION,Día pluviométrico (convencional),2017-01-17 00:00,mm,8.8,Definitivo
26130570,NUEVO LIBARE [26130570],PRECIPITACION,Día pluviométrico (convencional),2017-01-18 00:00,mm,3.8,Definitivo
26130570,NUEVO LIBARE [26130570],PRECIPITACION,Día pluviométrico (convencional),2017-01-19 00:00,mm,8.7,Definitivo
26130570,NUEVO LIBARE [26130570],PRECIPITACION,Día pluviométrico (convencional),2017-01-20 00:00,mm,74.6,Definitivo
26130570,NUEVO LIBARE [26130570],PRECIPITACION,Día pluviométrico (convencional),2017-01-21 00:00,mm,8.6,Definitivo
26130570,NUEVO LIBARE [26130570],PRECIPITACION,Día pluviométrico (convencional),2017-01-22 00:00,mm,0,Definitivo
26130570,NUEVO LIBARE [26130570],PRECIPITACION,Día pluviométrico (convencional),2017-01-23 00:00,mm,0,Definitivo
26130570,NUEVO LIBARE [26130570],PRECIPITACION,Día pluviométrico (convencional),2017-01-24 00:00,mm,0,Definitivo
26130570,NUEVO LIBARE [26130570],PRECIPITACION,Día pluviométrico (convencional),2017-01-25 00:00,mm,0,Definitivo
26130570,NUEVO LIBARE [26130570],PRECIPITACION,Día pluviométrico (convencional),2017-01-26 00:00,mm,2.4,Definitivo
26130570,NUEVO LIBARE [26130570],PRECIPITACION,Día pluviométrico (convencional),2017-01-27 00:00,mm,0.5,Definitivo
26130570,NUEVO LIBARE [26130570],PRECIPITACION,Día pluviométrico (convencional),2017-01-28 00:00,mm,0,Definitivo
26130570,NUEVO LIBARE [26130570],PRECIPITACION,Día pluviométrico (convencional),2017-01-29 00:00,mm,0.8,Definitivo
26130570,NUEVO LIBARE [26130570],PRECIPITACION,Día pluviométrico (convencional),2017-01-30 00:00,mm,1.5,Definitivo
26130570,NUEVO LIBARE [26130570],PRECIPITACION,Día pluviométrico (convencional),2017-01-31 00:00,mm,0,Definitivo
26130570,NUEVO LIBARE [26130570],PRECIPITACION,Día pluviométrico (convencional),2017-02-01 00:00,mm,0,Definitivo
26130570,NUEVO LIBARE [26130570],PRECIPITACION,Día pluviométrico (convencional),2017-02-02 00:00,mm,6.3,Definitivo
26130570,NUEVO LIBARE [26130570],PRECIPITACION,Día pluviométrico (convencional),2017-02-03 00:00,mm,0,Definitivo
26130570,NUEVO LIBARE [26130570],PRECIPITACION,Día pluviométrico (convencional),2017-02-04 00:00,mm,0,Definitivo
26130570,NUEVO LIBARE [26130570],PRECIPITACION,Día pluviométrico (convencional),2017-02-05 00:00,mm,0,Definitivo
26130570,NUEVO LIBARE [26130570],PRECIPITACION,Día pluviométrico (convencional),2017-02-06 00:00,mm,0,Definitivo
26130570,NUEVO LIBARE [26130570],PRECIPITACION,Día pluviométrico (convencional),2017-02-07 00:00,mm,0,Definitivo
26130570,NUEVO LIBARE [26130570],PRECIPITACION,Día pluviométrico (convencional),2017-02-08 00:00,mm,0,Definitivo
26130570,NUEVO LIBARE [26130570],PRECIPITACION,Día pluviométrico (convencional),2017-02-09 00:00,mm,9.8,Definitivo
26130570,NUEVO LIBARE [26130570],PRECIPITACION,Día pluviométrico (convencional),2017-02-10 00:00,mm,17.3,Definitivo
26130570,NUEVO LIBARE [26130570],PRECIPITACION,Día pluviométrico (convencional),2017-02-11 00:00,mm,20,Definitivo
26130570,NUEVO LIBARE [26130570],PRECIPITACION,Día pluviométrico (convencional),2017-02-12 00:00,mm,11.7,Definitivo
26130570,NUEVO LIBARE [26130570],PRECIPITACION,Día pluviométrico (convencional),2017-02-13 00:00,mm,0,Definitivo
26130570,NUEVO LIBARE [26130570],PRECIPITACION,Día pluviométrico (convencional),2017-02-14 00:00,mm,0,Definitivo
26130570,NUEVO LIBARE [26130570],PRECIPITACION,Día pluviométrico (convencional),2017-02-15 00:00,mm,0,Definitivo
26130570,NUEVO LIBARE [26130570],PRECIPITACION,Día pluviométrico (convencional),2017-02-16 00:00,mm,0,Definitivo
26130570,NUEVO LIBARE [26130570],PRECIPITACION,Día pluviométrico (convencional),2017-02-17 00:00,mm,14,Definitivo
26130570,NUEVO LIBARE [26130570],PRECIPITACION,Día pluviométrico (convencional),2017-02-18 00:00,mm,0,Definitivo
26130570,NUEVO LIBARE [26130570],PRECIPITACION,Día pluviométrico (convencional),2017-02-19 00:00,mm,8.8,Definitivo
26130570,NUEVO LIBARE [26130570],PRECIPITACION,Día pluviométrico (convencional),2017-02-20 00:00,mm,1.8,Definitivo
26130570,NUEVO LIBARE [26130570],PRECIPITACION,Día pluviométrico (convencional),2017-02-21 00:00,mm,10.5,Definitivo
26130570,NUEVO LIBARE [26130570],PRECIPITACION,Día pluviométrico (convencional),2017-02-22 00:00,mm,12.7,Definitivo
26130570,NUEVO LIBARE [26130570],PRECIPITACION,Día pluviométrico (convencional),2017-02-23 00:00,mm,0,Definitivo
26130570,NUEVO LIBARE [26130570],PRECIPITACION,Día pluviométrico (convencional),2017-02-24 00:00,mm,0,Definitivo
26130570,NUEVO LIBARE [26130570],PRECIPITACION,Día pluviométrico (convencional),2017-02-25 00:00,mm,11,Definitivo
26130570,NUEVO LIBARE [26130570],PRECIPITACION,Día pluviométrico (convencional),2017-02-26 00:00,mm,2.6,Definitivo
26130570,NUEVO LIBARE [26130570],PRECIPITACION,Día pluviométrico (convencional),2017-02-27 00:00,mm,0,Definitivo
26130570,NUEVO LIBARE [26130570],PRECIPITACION,Día pluviométrico (convencional),2017-02-28 00:00,mm,9.3,Definitivo
26130570,NUEVO LIBARE [26130570],PRECIPITACION,Día pluviométrico (convencional),2017-03-01 00:00,mm,11.2,Definitivo
26130570,NUEVO LIBARE [26130570],PRECIPITACION,Día pluviométrico (convencional),2017-03-02 00:00,mm,0,Definitivo
26130570,NUEVO LIBARE [26130570],PRECIPITACION,Día pluviométrico (convencional),2017-03-03 00:00,mm,0,Definitivo
26130570,NUEVO LIBARE [26130570],PRECIPITACION,Día pluviométrico (convencional),2017-03-04 00:00,mm,0,Definitivo
26130570,NUEVO LIBARE [26130570],PRECIPITACION,Día pluviométrico (convencional),2017-03-05 00:00,mm,0,Definitivo
26130570,NUEVO LIBARE [26130570],PRECIPITACION,Día pluviométrico (convencional),2017-03-06 00:00,mm,11.8,Definitivo
26130570,NUEVO LIBARE [26130570],PRECIPITACION,Día pluviométrico (convencional),2017-03-07 00:00,mm,5.6,Definitivo
26130570,NUEVO LIBARE [26130570],PRECIPITACION,Día pluviométrico (convencional),2017-03-08 00:00,mm,1.6,Definitivo
26130570,NUEVO LIBARE [26130570],PRECIPITACION,Día pluviométrico (convencional),2017-03-09 00:00,mm,0,Definitivo
26130570,NUEVO LIBARE [26130570],PRECIPITACION,Día pluviométrico (convencional),2017-03-10 00:00,mm,45.6,Definitivo
26130570,NUEVO LIBARE [26130570],PRECIPITACION,Día pluviométrico (convencional),2017-03-11 00:00,mm,35,Definitivo
26130570,NUEVO LIBARE [26130570],PRECIPITACION,Día pluviométrico (convencional),2017-03-12 00:00,mm,3.7,Definitivo
26130570,NUEVO LIBARE [26130570],PRECIPITACION,Día pluviométrico (convencional),2017-03-13 00:00,mm,14.2,Definitivo
26130570,NUEVO LIBARE [26130570],PRECIPITACION,Día pluviométrico (convencional),2017-03-14 00:00,mm,29.1,Definitivo
26130570,NUEVO LIBARE [26130570],PRECIPITACION,Día pluviométrico (convencional),2017-03-15 00:00,mm,3.3,Definitivo
26130570,NUEVO LIBARE [26130570],PRECIPITACION,Día pluviométrico (convencional),2017-03-16 00:00,mm,5.6,Definitivo
26130570,NUEVO LIBARE [26130570],PRECIPITACION,Día pluviométrico (convencional),2017-03-17 00:00,mm,5.4,Definitivo
26130570,NUEVO LIBARE [26130570],PRECIPITACION,Día pluviométrico (convencional),2017-03-18 00:00,mm,48.8,Definitivo
26130570,NUEVO LIBARE [26130570],PRECIPITACION,Día pluviométrico (convencional),2017-03-19 00:00,mm,5.8,Definitivo
26130570,NUEVO LIBARE [26130570],PRECIPITACION,Día pluviométrico (convencional),2017-03-20 00:00,mm,2.3,Definitivo
26130570,NUEVO LIBARE [26130570],PRECIPITACION,Día pluviométrico (convencional),2017-03-21 00:00,mm,0,Definitivo
26130570,NUEVO LIBARE [26130570],PRECIPITACION,Día pluviométrico (convencional),2017-03-22 00:00,mm,17.8,Definitivo
26130570,NUEVO LIBARE [26130570],PRECIPITACION,Día pluviométrico (convencional),2017-03-23 00:00,mm,12.7,Definitivo
26130570,NUEVO LIBARE [26130570],PRECIPITACION,Día pluviométrico (convencional),2017-03-24 00:00,mm,21.6,Definitivo
26130570,NUEVO LIBARE [26130570],PRECIPITACION,Día pluviométrico (convencional),2017-03-25 00:00,mm,15.4,Definitivo
26130570,NUEVO LIBARE [26130570],PRECIPITACION,Día pluviométrico (convencional),2017-03-26 00:00,mm,3.7,Definitivo
26130570,NUEVO LIBARE [26130570],PRECIPITACION,Día pluviométrico (convencional),2017-03-27 00:00,mm,0,Definitivo
26130570,NUEVO LIBARE [26130570],PRECIPITACION,Día pluviométrico (convencional),2017-03-28 00:00,mm,0.9,Definitivo
26130570,NUEVO LIBARE [26130570],PRECIPITACION,Día pluviométrico (convencional),2017-03-29 00:00,mm,59.2,Definitivo
26130570,NUEVO LIBARE [26130570],PRECIPITACION,Día pluviométrico (convencional),2017-03-30 00:00,mm,6.2,Definitivo
26130570,NUEVO LIBARE [26130570],PRECIPITACION,Día pluviométrico (convencional),2017-03-31 00:00,mm,0,Definitivo
26130570,NUEVO LIBARE [26130570],PRECIPITACION,Día pluviométrico (convencional),2017-04-01 00:00,mm,23.2,Definitivo
26130570,NUEVO LIBARE [26130570],PRECIPITACION,Día pluviométrico (convencional),2017-04-02 00:00,mm,7.8,Definitivo
26130570,NUEVO LIBARE [26130570],PRECIPITACION,Día pluviométrico (convencional),2017-04-03 00:00,mm,0,Definitivo
26130570,NUEVO LIBARE [26130570],PRECIPITACION,Día pluviométrico (convencional),2017-04-04 00:00,mm,0,Definitivo
26130570,NUEVO LIBARE [26130570],PRECIPITACION,Día pluviométrico (convencional),2017-04-05 00:00,mm,0,Definitivo
26130570,NUEVO LIBARE [26130570],PRECIPITACION,Día pluviométrico (convencional),2017-04-06 00:00,mm,0,Definitivo
26130570,NUEVO LIBARE [26130570],PRECIPITACION,Día pluviométrico (convencional),2017-04-07 00:00,mm,0,Definitivo
26130570,NUEVO LIBARE [26130570],PRECIPITACION,Día pluviométrico (convencional),2017-04-08 00:00,mm,47,Definitivo
26130570,NUEVO LIBARE [26130570],PRECIPITACION,Día pluviométrico (convencional),2017-04-09 00:00,mm,2.8,Definitivo
26130570,NUEVO LIBARE [26130570],PRECIPITACION,Día pluviométrico (convencional),2017-04-10 00:00,mm,0.3,Definitivo
26130570,NUEVO LIBARE [26130570],PRECIPITACION,Día pluviométrico (convencional),2017-04-11 00:00,mm,0,Definitivo
26130570,NUEVO LIBARE [26130570],PRECIPITACION,Día pluviométrico (convencional),2017-04-12 00:00,mm,0,Definitivo
26130570,NUEVO LIBARE [26130570],PRECIPITACION,Día pluviométrico (convencional),2017-04-13 00:00,mm,8.5,Definitivo
26130570,NUEVO LIBARE [26130570],PRECIPITACION,Día pluviométrico (convencional),2017-04-14 00:00,mm,16.2,Definitivo
26130570,NUEVO LIBARE [26130570],PRECIPITACION,Día pluviométrico (convencional),2017-04-15 00:00,mm,0,Definitivo
26130570,NUEVO LIBARE [26130570],PRECIPITACION,Día pluviométrico (convencional),2017-04-16 00:00,mm,32.7,Definitivo
26130570,NUEVO LIBARE [26130570],PRECIPITACION,Día pluviométrico (convencional),2017-04-17 00:00,mm,2.2,Definitivo
26130570,NUEVO LIBARE [26130570],PRECIPITACION,Día pluviométrico (convencional),2017-04-18 00:00,mm,11.9,Definitivo
26130570,NUEVO LIBARE [26130570],PRECIPITACION,Día pluviométrico (convencional),2017-04-19 00:00,mm,1.8,Definitivo
26130570,NUEVO LIBARE [26130570],PRECIPITACION,Día pluviométrico (convencional),2017-04-20 00:00,mm,8.4,Definitivo
26130570,NUEVO LIBARE [26130570],PRECIPITACION,Día pluviométrico (convencional),2017-04-21 00:00,mm,0,Definitivo
26130570,NUEVO LIBARE [26130570],PRECIPITACION,Día pluviométrico (convencional),2017-04-22 00:00,mm,0,Definitivo
26130570,NUEVO LIBARE [26130570],PRECIPITACION,Día pluviométrico (convencional),2017-04-23 00:00,mm,23.6,Definitivo
26130570,NUEVO LIBARE [26130570],PRECIPITACION,Día pluviométrico (convencional),2017-04-24 00:00,mm,42.6,Definitivo
26130570,NUEVO LIBARE [26130570],PRECIPITACION,Día pluviométrico (convencional),2017-04-25 00:00,mm,58.8,Definitivo
26130570,NUEVO LIBARE [26130570],PRECIPITACION,Día pluviométrico (convencional),2017-04-26 00:00,mm,10.4,Definitivo
26130570,NUEVO LIBARE [26130570],PRECIPITACION,Día pluviométrico (convencional),2017-04-27 00:00,mm,0,Definitivo
26130570,NUEVO LIBARE [26130570],PRECIPITACION,Día pluviométrico (convencional),2017-04-28 00:00,mm,0,Definitivo
26130570,NUEVO LIBARE [26130570],PRECIPITACION,Día pluviométrico (convencional),2017-04-29 00:00,mm,11.6,Definitivo
26130570,NUEVO LIBARE [26130570],PRECIPITACION,Día pluviométrico (convencional),2017-04-30 00:00,mm,7.4,Definitivo
26130570,NUEVO LIBARE [26130570],PRECIPITACION,Día pluviométrico (convencional),2017-05-01 00:00,mm,2.4,Definitivo
26130570,NUEVO LIBARE [26130570],PRECIPITACION,Día pluviométrico (convencional),2017-05-02 00:00,mm,12.4,Definitivo
26130570,NUEVO LIBARE [26130570],PRECIPITACION,Día pluviométrico (convencional),2017-05-03 00:00,mm,6.4,Definitivo
26130570,NUEVO LIBARE [26130570],PRECIPITACION,Día pluviométrico (convencional),2017-05-04 00:00,mm,9.7,Definitivo
26130570,NUEVO LIBARE [26130570],PRECIPITACION,Día pluviométrico (convencional),2017-05-05 00:00,mm,54.2,Definitivo
26130570,NUEVO LIBARE [26130570],PRECIPITACION,Día pluviométrico (convencional),2017-05-06 00:00,mm,18.2,Definitivo
26130570,NUEVO LIBARE [26130570],PRECIPITACION,Día pluviométrico (convencional),2017-05-07 00:00,mm,3.8,Definitivo
26130570,NUEVO LIBARE [26130570],PRECIPITACION,Día pluviométrico (convencional),2017-05-08 00:00,mm,40.5,Definitivo
26130570,NUEVO LIBARE [26130570],PRECIPITACION,Día pluviométrico (convencional),2017-05-09 00:00,mm,30.8,Definitivo
26130570,NUEVO LIBARE [26130570],PRECIPITACION,Día pluviométrico (convencional),2017-05-10 00:00,mm,34.8,Definitivo
26130570,NUEVO LIBARE [26130570],PRECIPITACION,Día pluviométrico (convencional),2017-05-11 00:00,mm,21.8,Definitivo
26130570,NUEVO LIBARE [26130570],PRECIPITACION,Día pluviométrico (convencional),2017-05-12 00:00,mm,0.2,Definitivo
26130570,NUEVO LIBARE [26130570],PRECIPITACION,Día pluviométrico (convencional),2017-05-13 00:00,mm,8.3,Definitivo
26130570,NUEVO LIBARE [26130570],PRECIPITACION,Día pluviométrico (convencional),2017-05-14 00:00,mm,3.3,Definitivo
26130570,NUEVO LIBARE [26130570],PRECIPITACION,Día pluviométrico (convencional),2017-05-15 00:00,mm,59.2,Definitivo
26130570,NUEVO LIBARE [26130570],PRECIPITACION,Día pluviométrico (convencional),2017-05-16 00:00,mm,0,Definitivo
26130570,NUEVO LIBARE [26130570],PRECIPITACION,Día pluviométrico (convencional),2017-05-17 00:00,mm,3.2,Definitivo
26130570,NUEVO LIBARE [26130570],PRECIPITACION,Día pluviométrico (convencional),2017-05-18 00:00,mm,0.3,Definitivo
26130570,NUEVO LIBARE [26130570],PRECIPITACION,Día pluviométrico (convencional),2017-05-19 00:00,mm,8.6,Definitivo
26130570,NUEVO LIBARE [26130570],PRECIPITACION,Día pluviométrico (convencional),2017-05-20 00:00,mm,44.8,Definitivo
26130570,NUEVO LIBARE [26130570],PRECIPITACION,Día pluviométrico (convencional),2017-05-21 00:00,mm,6.6,Definitivo
26130570,NUEVO LIBARE [26130570],PRECIPITACION,Día pluviométrico (convencional),2017-05-22 00:00,mm,28.5,Definitivo
26130570,NUEVO LIBARE [26130570],PRECIPITACION,Día pluviométrico (convencional),2017-05-23 00:00,mm,0,Definitivo
26130570,NUEVO LIBARE [26130570],PRECIPITACION,Día pluviométrico (convencional),2017-05-24 00:00,mm,0,Definitivo
26130570,NUEVO LIBARE [26130570],PRECIPITACION,Día pluviométrico (convencional),2017-05-25 00:00,mm,0,Definitivo
26130570,NUEVO LIBARE [26130570],PRECIPITACION,Día pluviométrico (convencional),2017-05-26 00:00,mm,0,Definitivo
26130570,NUEVO LIBARE [26130570],PRECIPITACION,Día pluviométrico (convencional),2017-05-27 00:00,mm,0,Definitivo
26130570,NUEVO LIBARE [26130570],PRECIPITACION,Día pluviométrico (convencional),2017-05-28 00:00,mm,0,Definitivo
26130570,NUEVO LIBARE [26130570],PRECIPITACION,Día pluviométrico (convencional),2017-05-29 00:00,mm,1.8,Definitivo
26130570,NUEVO LIBARE [26130570],PRECIPITACION,Día pluviométrico (convencional),2017-05-30 00:00,mm,0,Definitivo
26130570,NUEVO LIBARE [26130570],PRECIPITACION,Día pluviométrico (convencional),2017-05-31 00:00,mm,0.6,Definitivo
26130570,NUEVO LIBARE [26130570],PRECIPITACION,Día pluviométrico (convencional),2017-06-01 00:00,mm,0,Definitivo
26130570,NUEVO LIBARE [26130570],PRECIPITACION,Día pluviométrico (convencional),2017-06-02 00:00,mm,0,Definitivo
26130570,NUEVO LIBARE [26130570],PRECIPITACION,Día pluviométrico (convencional),2017-06-03 00:00,mm,3.9,Definitivo
26130570,NUEVO LIBARE [26130570],PRECIPITACION,Día pluviométrico (convencional),2017-06-04 00:00,mm,11.7,Definitivo
26130570,NUEVO LIBARE [26130570],PRECIPITACION,Día pluviométrico (convencional),2017-06-05 00:00,mm,0,Definitivo
26130570,NUEVO LIBARE [26130570],PRECIPITACION,Día pluviométrico (convencional),2017-06-06 00:00,mm,0,Definitivo
26130570,NUEVO LIBARE [26130570],PRECIPITACION,Día pluviométrico (convencional),2017-06-07 00:00,mm,28.8,Definitivo
26130570,NUEVO LIBARE [26130570],PRECIPITACION,Día pluviométrico (convencional),2017-06-08 00:00,mm,3.3,Definitivo
26130570,NUEVO LIBARE [26130570],PRECIPITACION,Día pluviométrico (convencional),2017-06-09 00:00,mm,2.7,Definitivo
26130570,NUEVO LIBARE [26130570],PRECIPITACION,Día pluviométrico (convencional),2017-06-10 00:00,mm,17.5,Definitivo
26130570,NUEVO LIBARE [26130570],PRECIPITACION,Día pluviométrico (convencional),2017-06-11 00:00,mm,40.4,Definitivo
26130570,NUEVO LIBARE [26130570],PRECIPITACION,Día pluviométrico (convencional),2017-06-12 00:00,mm,1.8,Definitivo
26130570,NUEVO LIBARE [26130570],PRECIPITACION,Día pluviométrico (convencional),2017-06-13 00:00,mm,2.8,Definitivo
26130570,NUEVO LIBARE [26130570],PRECIPITACION,Día pluviométrico (convencional),2017-06-14 00:00,mm,2.6,Definitivo
26130570,NUEVO LIBARE [26130570],PRECIPITACION,Día pluviométrico (convencional),2017-06-15 00:00,mm,18.6,Definitivo
26130570,NUEVO LIBARE [26130570],PRECIPITACION,Día pluviométrico (convencional),2017-06-16 00:00,mm,18.5,Definitivo
26130570,NUEVO LIBARE [26130570],PRECIPITACION,Día pluviométrico (convencional),2017-06-17 00:00,mm,21.2,Definitivo
26130570,NUEVO LIBARE [26130570],PRECIPITACION,Día pluviométrico (convencional),2017-06-18 00:00,mm,26.8,Definitivo
26130570,NUEVO LIBARE [26130570],PRECIPITACION,Día pluviométrico (convencional),2017-06-19 00:00,mm,2.7,Definitivo
26130570,NUEVO LIBARE [26130570],PRECIPITACION,Día pluviométrico (convencional),2017-06-20 00:00,mm,9.4,Definitivo
26130570,NUEVO LIBARE [26130570],PRECIPITACION,Día pluviométrico (convencional),2017-06-21 00:00,mm,0,Definitivo
26130570,NUEVO LIBARE [26130570],PRECIPITACION,Día pluviométrico (convencional),2017-06-22 00:00,mm,14.5,Definitivo
26130570,NUEVO LIBARE [26130570],PRECIPITACION,Día pluviométrico (convencional),2017-06-23 00:00,mm,4,Definitivo
26130570,NUEVO LIBARE [26130570],PRECIPITACION,Día pluviométrico (convencional),2017-06-24 00:00,mm,1.6,Definitivo
26130570,NUEVO LIBARE [26130570],PRECIPITACION,Día pluviométrico (convencional),2017-06-25 00:00,mm,15.4,Definitivo
26130570,NUEVO LIBARE [26130570],PRECIPITACION,Día pluviométrico (convencional),2017-06-26 00:00,mm,8.5,Definitivo
26130570,NUEVO LIBARE [26130570],PRECIPITACION,Día pluviométrico (convencional),2017-06-27 00:00,mm,0.8,Definitivo
26130570,NUEVO LIBARE [26130570],PRECIPITACION,Día pluviométrico (convencional),2017-06-28 00:00,mm,0.6,Definitivo
26130570,NUEVO LIBARE [26130570],PRECIPITACION,Día pluviométrico (convencional),2017-06-29 00:00,mm,3.5,Definitivo
26130570,NUEVO LIBARE [26130570],PRECIPITACION,Día pluviométrico (convencional),2017-06-30 00:00,mm,2.6,Definitivo
26130570,NUEVO LIBARE [26130570],PRECIPITACION,Día pluviométrico (convencional),2017-07-01 00:00,mm,2.3,Definitivo
26130570,NUEVO LIBARE [26130570],PRECIPITACION,Día pluviométrico (convencional),2017-07-02 00:00,mm,0,Definitivo
26130570,NUEVO LIBARE [26130570],PRECIPITACION,Día pluviométrico (convencional),2017-07-03 00:00,mm,0.1,Definitivo
26130570,NUEVO LIBARE [26130570],PRECIPITACION,Día pluviométrico (convencional),2017-07-04 00:00,mm,12.4,Definitivo
26130570,NUEVO LIBARE [26130570],PRECIPITACION,Día pluviométrico (convencional),2017-07-05 00:00,mm,0,Definitivo
26130570,NUEVO LIBARE [26130570],PRECIPITACION,Día pluviométrico (convencional),2017-07-06 00:00,mm,0,Definitivo
26130570,NUEVO LIBARE [26130570],PRECIPITACION,Día pluviométrico (convencional),2017-07-07 00:00,mm,0,Definitivo
26130570,NUEVO LIBARE [26130570],PRECIPITACION,Día pluviométrico (convencional),2017-07-08 00:00,mm,0,Definitivo
26130570,NUEVO LIBARE [26130570],PRECIPITACION,Día pluviométrico (convencional),2017-07-09 00:00,mm,1.5,Definitivo
26130570,NUEVO LIBARE [26130570],PRECIPITACION,Día pluviométrico (convencional),2017-07-10 00:00,mm,0.3,Definitivo
26130570,NUEVO LIBARE [26130570],PRECIPITACION,Día pluviométrico (convencional),2017-07-11 00:00,mm,0,Definitivo
26130570,NUEVO LIBARE [26130570],PRECIPITACION,Día pluviométrico (convencional),2017-07-12 00:00,mm,0,Definitivo
26130570,NUEVO LIBARE [26130570],PRECIPITACION,Día pluviométrico (convencional),2017-07-13 00:00,mm,11.3,Definitivo
26130570,NUEVO LIBARE [26130570],PRECIPITACION,Día pluviométrico (convencional),2017-07-14 00:00,mm,9.3,Definitivo
26130570,NUEVO LIBARE [26130570],PRECIPITACION,Día pluviométrico (convencional),2017-07-15 00:00,mm,16.2,Definitivo
26130570,NUEVO LIBARE [26130570],PRECIPITACION,Día pluviométrico (convencional),2017-07-16 00:00,mm,67,Definitivo
26130570,NUEVO LIBARE [26130570],PRECIPITACION,Día pluviométrico (convencional),2017-07-17 00:00,mm,0,Definitivo
26130570,NUEVO LIBARE [26130570],PRECIPITACION,Día pluviométrico (convencional),2017-07-18 00:00,mm,12.5,Definitivo
26130570,NUEVO LIBARE [26130570],PRECIPITACION,Día pluviométrico (convencional),2017-07-19 00:00,mm,19.4,Definitivo
26130570,NUEVO LIBARE [26130570],PRECIPITACION,Día pluviométrico (convencional),2017-07-20 00:00,mm,2.3,Definitivo
26130570,NUEVO LIBARE [26130570],PRECIPITACION,Día pluviométrico (convencional),2017-07-21 00:00,mm,0,Definitivo
26130570,NUEVO LIBARE [26130570],PRECIPITACION,Día pluviométrico (convencional),2017-07-22 00:00,mm,0,Definitivo
26130570,NUEVO LIBARE [26130570],PRECIPITACION,Día pluviométrico (convencional),2017-07-23 00:00,mm,0,Definitivo
26130570,NUEVO LIBARE [26130570],PRECIPITACION,Día pluviométrico (convencional),2017-07-24 00:00,mm,0,Definitivo
26130570,NUEVO LIBARE [26130570],PRECIPITACION,Día pluviométrico (convencional),2017-07-25 00:00,mm,0,Definitivo
26130570,NUEVO LIBARE [26130570],PRECIPITACION,Día pluviométrico (convencional),2017-07-26 00:00,mm,0,Definitivo
26130570,NUEVO LIBARE [26130570],PRECIPITACION,Día pluviométrico (convencional),2017-07-27 00:00,mm,0,Definitivo
26130570,NUEVO LIBARE [26130570],PRECIPITACION,Día pluviométrico (convencional),2017-07-28 00:00,mm,1.8,Definitivo
26130570,NUEVO LIBARE [26130570],PRECIPITACION,Día pluviométrico (convencional),2017-07-29 00:00,mm,1,Definitivo
26130570,NUEVO LIBARE [26130570],PRECIPITACION,Día pluviométrico (convencional),2017-07-30 00:00,mm,0,Definitivo
26130570,NUEVO LIBARE [26130570],PRECIPITACION,Día pluviométrico (convencional),2017-07-31 00:00,mm,0,Definitivo
26130570,NUEVO LIBARE [26130570],PRECIPITACION,Día pluviométrico (convencional),2017-08-01 00:00,mm,0,Definitivo
26130570,NUEVO LIBARE [26130570],PRECIPITACION,Día pluviométrico (convencional),2017-08-02 00:00,mm,0,Definitivo
26130570,NUEVO LIBARE [26130570],PRECIPITACION,Día pluviométrico (convencional),2017-08-03 00:00,mm,5.7,Definitivo
26130570,NUEVO LIBARE [26130570],PRECIPITACION,Día pluviométrico (convencional),2017-08-04 00:00,mm,0,Definitivo
26130570,NUEVO LIBARE [26130570],PRECIPITACION,Día pluviométrico (convencional),2017-08-05 00:00,mm,0.9,Definitivo
26130570,NUEVO LIBARE [26130570],PRECIPITACION,Día pluviométrico (convencional),2017-08-06 00:00,mm,0,Definitivo
26130570,NUEVO LIBARE [26130570],PRECIPITACION,Día pluviométrico (convencional),2017-08-07 00:00,mm,1.4,Definitivo
26130570,NUEVO LIBARE [26130570],PRECIPITACION,Día pluviométrico (convencional),2017-08-08 00:00,mm,1.5,Definitivo
26130570,NUEVO LIBARE [26130570],PRECIPITACION,Día pluviométrico (convencional),2017-08-09 00:00,mm,7.4,Definitivo
26130570,NUEVO LIBARE [26130570],PRECIPITACION,Día pluviométrico (convencional),2017-08-10 00:00,mm,10.2,Definitivo
26130570,NUEVO LIBARE [26130570],PRECIPITACION,Día pluviométrico (convencional),2017-08-11 00:00,mm,14.2,Definitivo
26130570,NUEVO LIBARE [26130570],PRECIPITACION,Día pluviométrico (convencional),2017-08-12 00:00,mm,2.7,Definitivo
26130570,NUEVO LIBARE [26130570],PRECIPITACION,Día pluviométrico (convencional),2017-08-13 00:00,mm,0,Definitivo
26130570,NUEVO LIBARE [26130570],PRECIPITACION,Día pluviométrico (convencional),2017-08-14 00:00,mm,0,Definitivo
26130570,NUEVO LIBARE [26130570],PRECIPITACION,Día pluviométrico (convencional),2017-08-15 00:00,mm,0,Definitivo
26130570,NUEVO LIBARE [26130570],PRECIPITACION,Día pluviométrico (convencional),2017-08-16 00:00,mm,1.6,Definitivo
26130570,NUEVO LIBARE [26130570],PRECIPITACION,Día pluviométrico (convencional),2017-08-17 00:00,mm,67.7,Definitivo
26130570,NUEVO LIBARE [26130570],PRECIPITACION,Día pluviométrico (convencional),2017-08-18 00:00,mm,33.8,Definitivo
26130570,NUEVO LIBARE [26130570],PRECIPITACION,Día pluviométrico (convencional),2017-08-19 00:00,mm,8.6,Definitivo
26130570,NUEVO LIBARE [26130570],PRECIPITACION,Día pluviométrico (convencional),2017-08-20 00:00,mm,6.2,Definitivo
26130570,NUEVO LIBARE [26130570],PRECIPITACION,Día pluviométrico (convencional),2017-08-21 00:00,mm,2.4,Definitivo
26130570,NUEVO LIBARE [26130570],PRECIPITACION,Día pluviométrico (convencional),2017-08-22 00:00,mm,1,Definitivo
26130570,NUEVO LIBARE [26130570],PRECIPITACION,Día pluviométrico (convencional),2017-08-24 00:00,mm,0,Definitivo
26130570,NUEVO LIBARE [26130570],PRECIPITACION,Día pluviométrico (convencional),2017-08-25 00:00,mm,0,Definitivo
26130570,NUEVO LIBARE [26130570],PRECIPITACION,Día pluviométrico (convencional),2017-08-26 00:00,mm,10.7,Definitivo
26130570,NUEVO LIBARE [26130570],PRECIPITACION,Día pluviométrico (convencional),2017-08-27 00:00,mm,6,Definitivo
26130570,NUEVO LIBARE [26130570],PRECIPITACION,Día pluviométrico (convencional),2017-08-28 00:00,mm,2.3,Definitivo
26130570,NUEVO LIBARE [26130570],PRECIPITACION,Día pluviométrico (convencional),2017-08-29 00:00,mm,9.4,Definitivo
26130570,NUEVO LIBARE [26130570],PRECIPITACION,Día pluviométrico (convencional),2017-08-30 00:00,mm,0,Definitivo
26130570,NUEVO LIBARE [26130570],PRECIPITACION,Día pluviométrico (convencional),2017-08-31 00:00,mm,0,Definitivo
26130570,NUEVO LIBARE [26130570],PRECIPITACION,Día pluviométrico (convencional),2017-09-01 00:00,mm,0,Definitivo
26130570,NUEVO LIBARE [26130570],PRECIPITACION,Día pluviométrico (convencional),2017-09-02 00:00,mm,0,Definitivo
26130570,NUEVO LIBARE [26130570],PRECIPITACION,Día pluviométrico (convencional),2017-09-03 00:00,mm,0,Definitivo
26130570,NUEVO LIBARE [26130570],PRECIPITACION,Día pluviométrico (convencional),2017-09-04 00:00,mm,4.5,Definitivo
26130570,NUEVO LIBARE [26130570],PRECIPITACION,Día pluviométrico (convencional),2017-09-05 00:00,mm,0,Definitivo
26130570,NUEVO LIBARE [26130570],PRECIPITACION,Día pluviométrico (convencional),2017-09-06 00:00,mm,39.5,Definitivo
26130570,NUEVO LIBARE [26130570],PRECIPITACION,Día pluviométrico (convencional),2017-09-07 00:00,mm,42.4,Definitivo
26130570,NUEVO LIBARE [26130570],PRECIPITACION,Día pluviométrico (convencional),2017-09-08 00:00,mm,5.6,Definitivo
26130570,NUEVO LIBARE [26130570],PRECIPITACION,Día pluviométrico (convencional),2017-09-09 00:00,mm,4.3,Definitivo
26130570,NUEVO LIBARE [26130570],PRECIPITACION,Día pluviométrico (convencional),2017-09-10 00:00,mm,5.6,Definitivo
26130570,NUEVO LIBARE [26130570],PRECIPITACION,Día pluviométrico (convencional),2017-09-11 00:00,mm,0,Definitivo
26130570,NUEVO LIBARE [26130570],PRECIPITACION,Día pluviométrico (convencional),2017-09-12 00:00,mm,1.2,Definitivo
26130570,NUEVO LIBARE [26130570],PRECIPITACION,Día pluviométrico (convencional),2017-09-13 00:00,mm,9.8,Definitivo
26130570,NUEVO LIBARE [26130570],PRECIPITACION,Día pluviométrico (convencional),2017-09-14 00:00,mm,2,Definitivo
26130570,NUEVO LIBARE [26130570],PRECIPITACION,Día pluviométrico (convencional),2017-09-15 00:00,mm,1.7,Definitivo
26130570,NUEVO LIBARE [26130570],PRECIPITACION,Día pluviométrico (convencional),2017-09-16 00:00,mm,1.7,Definitivo
26130570,NUEVO LIBARE [26130570],PRECIPITACION,Día pluviométrico (convencional),2017-09-17 00:00,mm,12,Definitivo
26130570,NUEVO LIBARE [26130570],PRECIPITACION,Día pluviométrico (convencional),2017-09-18 00:00,mm,14.3,Definitivo
26130570,NUEVO LIBARE [26130570],PRECIPITACION,Día pluviométrico (convencional),2017-09-19 00:00,mm,9.9,Definitivo
26130570,NUEVO LIBARE [26130570],PRECIPITACION,Día pluviométrico (convencional),2017-09-20 00:00,mm,17.4,Definitivo
26130570,NUEVO LIBARE [26130570],PRECIPITACION,Día pluviométrico (convencional),2017-09-21 00:00,mm,0.6,Definitivo
26130570,NUEVO LIBARE [26130570],PRECIPITACION,Día pluviométrico (convencional),2017-09-22 00:00,mm,6.7,Definitivo
26130570,NUEVO LIBARE [26130570],PRECIPITACION,Día pluviométrico (convencional),2017-09-23 00:00,mm,4.6,Definitivo
26130570,NUEVO LIBARE [26130570],PRECIPITACION,Día pluviométrico (convencional),2017-09-24 00:00,mm,2.7,Definitivo
26130570,NUEVO LIBARE [26130570],PRECIPITACION,Día pluviométrico (convencional),2017-09-25 00:00,mm,0.4,Definitivo
26130570,NUEVO LIBARE [26130570],PRECIPITACION,Día pluviométrico (convencional),2017-09-26 00:00,mm,0,Definitivo
26130570,NUEVO LIBARE [26130570],PRECIPITACION,Día pluviométrico (convencional),2017-09-27 00:00,mm,2.5,Definitivo
26130570,NUEVO LIBARE [26130570],PRECIPITACION,Día pluviométrico (convencional),2017-09-28 00:00,mm,3.4,Definitivo
26130570,NUEVO LIBARE [26130570],PRECIPITACION,Día pluviométrico (convencional),2017-09-29 00:00,mm,46.5,Definitivo
26130570,NUEVO LIBARE [26130570],PRECIPITACION,Día pluviométrico (convencional),2017-09-30 00:00,mm,10,Definitivo
26130570,NUEVO LIBARE [26130570],PRECIPITACION,Día pluviométrico (convencional),2017-10-01 00:00,mm,4.5,Definitivo
26130570,NUEVO LIBARE [26130570],PRECIPITACION,Día pluviométrico (convencional),2017-10-02 00:00,mm,6.8,Definitivo
26130570,NUEVO LIBARE [26130570],PRECIPITACION,Día pluviométrico (convencional),2017-10-03 00:00,mm,12.9,Definitivo
26130570,NUEVO LIBARE [26130570],PRECIPITACION,Día pluviométrico (convencional),2017-10-04 00:00,mm,20.8,Definitivo
26130570,NUEVO LIBARE [26130570],PRECIPITACION,Día pluviométrico (convencional),2017-10-05 00:00,mm,34.8,Definitivo
26130570,NUEVO LIBARE [26130570],PRECIPITACION,Día pluviométrico (convencional),2017-10-06 00:00,mm,1.6,Definitivo
26130570,NUEVO LIBARE [26130570],PRECIPITACION,Día pluviométrico (convencional),2017-10-07 00:00,mm,0.6,Definitivo
26130570,NUEVO LIBARE [26130570],PRECIPITACION,Día pluviométrico (convencional),2017-10-08 00:00,mm,0,Definitivo
26130570,NUEVO LIBARE [26130570],PRECIPITACION,Día pluviométrico (convencional),2017-10-09 00:00,mm,25.2,Definitivo
26130570,NUEVO LIBARE [26130570],PRECIPITACION,Día pluviométrico (convencional),2017-10-10 00:00,mm,0,Definitivo
26130570,NUEVO LIBARE [26130570],PRECIPITACION,Día pluviométrico (convencional),2017-10-11 00:00,mm,11.4,Definitivo
26130570,NUEVO LIBARE [26130570],PRECIPITACION,Día pluviométrico (convencional),2017-10-12 00:00,mm,0,Definitivo
26130570,NUEVO LIBARE [26130570],PRECIPITACION,Día pluviométrico (convencional),2017-10-14 00:00,mm,0.4,Definitivo
26130570,NUEVO LIBARE [26130570],PRECIPITACION,Día pluviométrico (convencional),2017-10-15 00:00,mm,0,Definitivo
26130570,NUEVO LIBARE [26130570],PRECIPITACION,Día pluviométrico (convencional),2017-10-16 00:00,mm,0,Definitivo
26130570,NUEVO LIBARE [26130570],PRECIPITACION,Día pluviométrico (convencional),2017-10-17 00:00,mm,0,Definitivo
26130570,NUEVO LIBARE [26130570],PRECIPITACION,Día pluviométrico (convencional),2017-10-18 00:00,mm,0.3,Definitivo
26130570,NUEVO LIBARE [26130570],PRECIPITACION,Día pluviométrico (convencional),2017-10-20 00:00,mm,12.4,Definitivo
26130570,NUEVO LIBARE [26130570],PRECIPITACION,Día pluviométrico (convencional),2017-10-21 00:00,mm,60.3,Definitivo
26130570,NUEVO LIBARE [26130570],PRECIPITACION,Día pluviométrico (convencional),2017-10-22 00:00,mm,6.7,Definitivo
26130570,NUEVO LIBARE [26130570],PRECIPITACION,Día pluviométrico (convencional),2017-10-23 00:00,mm,25.3,Definitivo
26130570,NUEVO LIBARE [26130570],PRECIPITACION,Día pluviométrico (convencional),2017-10-24 00:00,mm,7.4,Definitivo
26130570,NUEVO LIBARE [26130570],PRECIPITACION,Día pluviométrico (convencional),2017-10-25 00:00,mm,0.5,Definitivo
26130570,NUEVO LIBARE [26130570],PRECIPITACION,Día pluviométrico (convencional),2017-10-26 00:00,mm,0.2,Definitivo
26130570,NUEVO LIBARE [26130570],PRECIPITACION,Día pluviométrico (convencional),2017-10-27 00:00,mm,57.2,Definitivo
26130570,NUEVO LIBARE [26130570],PRECIPITACION,Día pluviométrico (convencional),2017-10-28 00:00,mm,23.9,Definitivo
26130570,NUEVO LIBARE [26130570],PRECIPITACION,Día pluviométrico (convencional),2017-10-29 00:00,mm,0,Definitivo
26130570,NUEVO LIBARE [26130570],PRECIPITACION,Día pluviométrico (convencional),2017-10-30 00:00,mm,7.3,Definitivo
26130570,NUEVO LIBARE [26130570],PRECIPITACION,Día pluviométrico (convencional),2017-10-31 00:00,mm,17.5,Definitivo
26130570,NUEVO LIBARE [26130570],PRECIPITACION,Día pluviométrico (convencional),2017-11-01 00:00,mm,1.4,Definitivo
26130570,NUEVO LIBARE [26130570],PRECIPITACION,Día pluviométrico (convencional),2017-11-02 00:00,mm,15.2,Definitivo
26130570,NUEVO LIBARE [26130570],PRECIPITACION,Día pluviométrico (convencional),2017-11-03 00:00,mm,37.6,Definitivo
26130570,NUEVO LIBARE [26130570],PRECIPITACION,Día pluviométrico (convencional),2017-11-04 00:00,mm,1,Definitivo
26130570,NUEVO LIBARE [26130570],PRECIPITACION,Día pluviométrico (convencional),2017-11-05 00:00,mm,1.8,Definitivo
26130570,NUEVO LIBARE [26130570],PRECIPITACION,Día pluviométrico (convencional),2017-11-06 00:00,mm,1.9,Definitivo
26130570,NUEVO LIBARE [26130570],PRECIPITACION,Día pluviométrico (convencional),2017-11-07 00:00,mm,7.4,Definitivo
26130570,NUEVO LIBARE [26130570],PRECIPITACION,Día pluviométrico (convencional),2017-11-08 00:00,mm,1.7,Definitivo
26130570,NUEVO LIBARE [26130570],PRECIPITACION,Día pluviométrico (convencional),2017-11-09 00:00,mm,42.7,Definitivo
26130570,NUEVO LIBARE [26130570],PRECIPITACION,Día pluviométrico (convencional),2017-11-10 00:00,mm,15.4,Definitivo
26130570,NUEVO LIBARE [26130570],PRECIPITACION,Día pluviométrico (convencional),2017-11-11 00:00,mm,0,Definitivo
26130570,NUEVO LIBARE [26130570],PRECIPITACION,Día pluviométrico (convencional),2017-11-12 00:00,mm,0,Definitivo
26130570,NUEVO LIBARE [26130570],PRECIPITACION,Día pluviométrico (convencional),2017-11-13 00:00,mm,34.7,Definitivo
26130570,NUEVO LIBARE [26130570],PRECIPITACION,Día pluviométrico (convencional),2017-11-14 00:00,mm,45.8,Definitivo
26130570,NUEVO LIBARE [26130570],PRECIPITACION,Día pluviométrico (convencional),2017-11-15 00:00,mm,11.8,Definitivo
26130570,NUEVO LIBARE [26130570],PRECIPITACION,Día pluviométrico (convencional),2017-11-16 00:00,mm,11.8,Definitivo
26130570,NUEVO LIBARE [26130570],PRECIPITACION,Día pluviométrico (convencional),2017-11-17 00:00,mm,37.8,Definitivo
26130570,NUEVO LIBARE [26130570],PRECIPITACION,Día pluviométrico (convencional),2017-11-18 00:00,mm,2.9,Definitivo
26130570,NUEVO LIBARE [26130570],PRECIPITACION,Día pluviométrico (convencional),2017-11-19 00:00,mm,8.6,Definitivo
26130570,NUEVO LIBARE [26130570],PRECIPITACION,Día pluviométrico (convencional),2017-11-20 00:00,mm,26.2,Definitivo
26130570,NUEVO LIBARE [26130570],PRECIPITACION,Día pluviométrico (convencional),2017-11-21 00:00,mm,24.3,Definitivo
26130570,NUEVO LIBARE [26130570],PRECIPITACION,Día pluviométrico (convencional),2017-11-22 00:00,mm,5.8,Definitivo
26130570,NUEVO LIBARE [26130570],PRECIPITACION,Día pluviométrico (convencional),2017-11-23 00:00,mm,27.8,Definitivo
26130570,NUEVO LIBARE [26130570],PRECIPITACION,Día pluviométrico (convencional),2017-11-24 00:00,mm,0.9,Definitivo
26130570,NUEVO LIBARE [26130570],PRECIPITACION,Día pluviométrico (convencional),2017-11-25 00:00,mm,2.1,Definitivo
26130570,NUEVO LIBARE [26130570],PRECIPITACION,Día pluviométrico (convencional),2017-11-26 00:00,mm,3.9,Definitivo
26130570,NUEVO LIBARE [26130570],PRECIPITACION,Día pluviométrico (convencional),2017-11-27 00:00,mm,9.2,Definitivo
26130570,NUEVO LIBARE [26130570],PRECIPITACION,Día pluviométrico (convencional),2017-11-28 00:00,mm,0,Definitivo
26130570,NUEVO LIBARE [26130570],PRECIPITACION,Día pluviométrico (convencional),2017-11-29 00:00,mm,55.2,Definitivo
26130570,NUEVO LIBARE [26130570],PRECIPITACION,Día pluviométrico (convencional),2017-11-30 00:00,mm,10,Definitivo
26130570,NUEVO LIBARE [26130570],PRECIPITACION,Día pluviométrico (convencional),2017-12-01 00:00,mm,54.2,Definitivo
26130570,NUEVO LIBARE [26130570],PRECIPITACION,Día pluviométrico (convencional),2017-12-02 00:00,mm,47.5,Definitivo
26130570,NUEVO LIBARE [26130570],PRECIPITACION,Día pluviométrico (convencional),2017-12-03 00:00,mm,12.7,Definitivo
26130570,NUEVO LIBARE [26130570],PRECIPITACION,Día pluviométrico (convencional),2017-12-04 00:00,mm,11.8,Definitivo
26130570,NUEVO LIBARE [26130570],PRECIPITACION,Día pluviométrico (convencional),2017-12-05 00:00,mm,0,Definitivo
26130570,NUEVO LIBARE [26130570],PRECIPITACION,Día pluviométrico (convencional),2017-12-06 00:00,mm,0.4,Definitivo
26130570,NUEVO LIBARE [26130570],PRECIPITACION,Día pluviométrico (convencional),2017-12-07 00:00,mm,6.4,Definitivo
26130570,NUEVO LIBARE [26130570],PRECIPITACION,Día pluviométrico (convencional),2017-12-08 00:00,mm,7.3,Definitivo
26130570,NUEVO LIBARE [26130570],PRECIPITACION,Día pluviométrico (convencional),2017-12-09 00:00,mm,13,Definitivo
26130570,NUEVO LIBARE [26130570],PRECIPITACION,Día pluviométrico (convencional),2017-12-10 00:00,mm,18.3,Definitivo
26130570,NUEVO LIBARE [26130570],PRECIPITACION,Día pluviométrico (convencional),2017-12-11 00:00,mm,43.7,Definitivo
26130570,NUEVO LIBARE [26130570],PRECIPITACION,Día pluviométrico (convencional),2017-12-12 00:00,mm,4.7,Definitivo
26130570,NUEVO LIBARE [26130570],PRECIPITACION,Día pluviométrico (convencional),2017-12-13 00:00,mm,0,Definitivo
26130570,NUEVO LIBARE [26130570],PRECIPITACION,Día pluviométrico (convencional),2017-12-14 00:00,mm,0,Definitivo
26130570,NUEVO LIBARE [26130570],PRECIPITACION,Día pluviométrico (convencional),2017-12-15 00:00,mm,0,Definitivo
26130570,NUEVO LIBARE [26130570],PRECIPITACION,Día pluviométrico (convencional),2017-12-16 00:00,mm,0,Definitivo
26130570,NUEVO LIBARE [26130570],PRECIPITACION,Día pluviométrico (convencional),2017-12-17 00:00,mm,0,Definitivo
26130570,NUEVO LIBARE [26130570],PRECIPITACION,Día pluviométrico (convencional),2017-12-18 00:00,mm,0,Definitivo
26130570,NUEVO LIBARE [26130570],PRECIPITACION,Día pluviométrico (convencional),2017-12-19 00:00,mm,0,Definitivo
26130570,NUEVO LIBARE [26130570],PRECIPITACION,Día pluviométrico (convencional),2017-12-20 00:00,mm,0,Definitivo
26130570,NUEVO LIBARE [26130570],PRECIPITACION,Día pluviométrico (convencional),2017-12-21 00:00,mm,3.8,Definitivo
26130570,NUEVO LIBARE [26130570],PRECIPITACION,Día pluviométrico (convencional),2017-12-22 00:00,mm,5.2,Definitivo
26130570,NUEVO LIBARE [26130570],PRECIPITACION,Día pluviométrico (convencional),2017-12-23 00:00,mm,0,Definitivo
26130570,NUEVO LIBARE [26130570],PRECIPITACION,Día pluviométrico (convencional),2017-12-24 00:00,mm,0,Definitivo
26130570,NUEVO LIBARE [26130570],PRECIPITACION,Día pluviométrico (convencional),2017-12-25 00:00,mm,20.5,Definitivo
26130570,NUEVO LIBARE [26130570],PRECIPITACION,Día pluviométrico (convencional),2017-12-26 00:00,mm,2.7,Definitivo
26130570,NUEVO LIBARE [26130570],PRECIPITACION,Día pluviométrico (convencional),2017-12-27 00:00,mm,5.2,Definitivo
26130570,NUEVO LIBARE [26130570],PRECIPITACION,Día pluviométrico (convencional),2017-12-28 00:00,mm,16.3,Definitivo
26130570,NUEVO LIBARE [26130570],PRECIPITACION,Día pluviométrico (convencional),2017-12-29 00:00,mm,8.7,Definitivo
26130570,NUEVO LIBARE [26130570],PRECIPITACION,Día pluviométrico (convencional),2017-12-30 00:00,mm,12.2,Definitivo
26130570,NUEVO LIBARE [26130570],PRECIPITACION,Día pluviométrico (convencional),2017-12-31 00:00,mm,5.9,Preliminar
26130570,NUEVO LIBARE [26130570],PRECIPITACION,Día pluviométrico (convencional),2018-01-01 00:00,mm,29.6,Preliminar
26130570,NUEVO LIBARE [26130570],PRECIPITACION,Día pluviométrico (convencional),2018-01-03 00:00,mm,5.5,Preliminar
26130570,NUEVO LIBARE [26130570],PRECIPITACION,Día pluviométrico (convencional),2018-01-04 00:00,mm,1.8,Preliminar
26130570,NUEVO LIBARE [26130570],PRECIPITACION,Día pluviométrico (convencional),2018-01-05 00:00,mm,1.4,Preliminar
26130570,NUEVO LIBARE [26130570],PRECIPITACION,Día pluviométrico (convencional),2018-01-06 00:00,mm,11.3,Preliminar
26130570,NUEVO LIBARE [26130570],PRECIPITACION,Día pluviométrico (convencional),2018-01-07 00:00,mm,0.6,Preliminar
26130570,NUEVO LIBARE [26130570],PRECIPITACION,Día pluviométrico (convencional),2018-01-08 00:00,mm,30.4,Preliminar
26130570,NUEVO LIBARE [26130570],PRECIPITACION,Día pluviométrico (convencional),2018-01-09 00:00,mm,23.8,Preliminar
26130570,NUEVO LIBARE [26130570],PRECIPITACION,Día pluviométrico (convencional),2018-01-10 00:00,mm,0,Preliminar
26130570,NUEVO LIBARE [26130570],PRECIPITACION,Día pluviométrico (convencional),2018-01-11 00:00,mm,0.4,Preliminar
26130570,NUEVO LIBARE [26130570],PRECIPITACION,Día pluviométrico (convencional),2018-01-12 00:00,mm,2.9,Preliminar
26130570,NUEVO LIBARE [26130570],PRECIPITACION,Día pluviométrico (convencional),2018-01-13 00:00,mm,1.8,Preliminar
26130570,NUEVO LIBARE [26130570],PRECIPITACION,Día pluviométrico (convencional),2018-01-15 00:00,mm,6.3,Preliminar
26130570,NUEVO LIBARE [26130570],PRECIPITACION,Día pluviométrico (convencional),2018-01-16 00:00,mm,14.4,Preliminar
26130570,NUEVO LIBARE [26130570],PRECIPITACION,Día pluviométrico (convencional),2018-01-17 00:00,mm,25.3,Preliminar
26130570,NUEVO LIBARE [26130570],PRECIPITACION,Día pluviométrico (convencional),2018-01-18 00:00,mm,1.8,Preliminar
26130570,NUEVO LIBARE [26130570],PRECIPITACION,Día pluviométrico (convencional),2018-01-19 00:00,mm,0.1,Preliminar
26130570,NUEVO LIBARE [26130570],PRECIPITACION,Día pluviométrico (convencional),2018-01-20 00:00,mm,0,Preliminar
26130570,NUEVO LIBARE [26130570],PRECIPITACION,Día pluviométrico (convencional),2018-01-21 00:00,mm,0,Preliminar
26130570,NUEVO LIBARE [26130570],PRECIPITACION,Día pluviométrico (convencional),2018-01-22 00:00,mm,0,Preliminar
26130570,NUEVO LIBARE [26130570],PRECIPITACION,Día pluviométrico (convencional),2018-01-23 00:00,mm,0,Preliminar
26130570,NUEVO LIBARE [26130570],PRECIPITACION,Día pluviométrico (convencional),2018-01-24 00:00,mm,0,Preliminar
26130570,NUEVO LIBARE [26130570],PRECIPITACION,Día pluviométrico (convencional),2018-01-25 00:00,mm,0,Preliminar
26130570,NUEVO LIBARE [26130570],PRECIPITACION,Día pluviométrico (convencional),2018-01-26 00:00,mm,0,Preliminar
26130570,NUEVO LIBARE [26130570],PRECIPITACION,Día pluviométrico (convencional),2018-01-27 00:00,mm,2.6,Preliminar
26130570,NUEVO LIBARE [26130570],PRECIPITACION,Día pluviométrico (convencional),2018-01-28 00:00,mm,0,Preliminar
26130570,NUEVO LIBARE [26130570],PRECIPITACION,Día pluviométrico (convencional),2018-01-29 00:00,mm,16.7,Preliminar
26130570,NUEVO LIBARE [26130570],PRECIPITACION,Día pluviométrico (convencional),2018-01-30 00:00,mm,0,Preliminar
26130570,NUEVO LIBARE [26130570],PRECIPITACION,Día pluviométrico (convencional),2018-01-31 00:00,mm,0,Preliminar
26130570,NUEVO LIBARE [26130570],PRECIPITACION,Día pluviométrico (convencional),2018-02-01 00:00,mm,0,Preliminar
26130570,NUEVO LIBARE [26130570],PRECIPITACION,Día pluviométrico (convencional),2018-02-02 00:00,mm,21.8,Preliminar
26130570,NUEVO LIBARE [26130570],PRECIPITACION,Día pluviométrico (convencional),2018-02-03 00:00,mm,0,Preliminar
26130570,NUEVO LIBARE [26130570],PRECIPITACION,Día pluviométrico (convencional),2018-02-04 00:00,mm,2.7,Preliminar
26130570,NUEVO LIBARE [26130570],PRECIPITACION,Día pluviométrico (convencional),2018-02-05 00:00,mm,17.4,Preliminar
26130570,NUEVO LIBARE [26130570],PRECIPITACION,Día pluviométrico (convencional),2018-02-06 00:00,mm,0.8,Preliminar
26130570,NUEVO LIBARE [26130570],PRECIPITACION,Día pluviométrico (convencional),2018-02-07 00:00,mm,0,Preliminar
26130570,NUEVO LIBARE [26130570],PRECIPITACION,Día pluviométrico (convencional),2018-02-08 00:00,mm,1.6,Preliminar
26130570,NUEVO LIBARE [26130570],PRECIPITACION,Día pluviométrico (convencional),2018-02-09 00:00,mm,8.6,Preliminar
26130570,NUEVO LIBARE [26130570],PRECIPITACION,Día pluviométrico (convencional),2018-02-10 00:00,mm,0,Preliminar
26130570,NUEVO LIBARE [26130570],PRECIPITACION,Día pluviométrico (convencional),2018-02-11 00:00,mm,32.2,Preliminar
26130570,NUEVO LIBARE [26130570],PRECIPITACION,Día pluviométrico (convencional),2018-02-12 00:00,mm,0,Preliminar
26130570,NUEVO LIBARE [26130570],PRECIPITACION,Día pluviométrico (convencional),2018-02-13 00:00,mm,0.8,Preliminar
26130570,NUEVO LIBARE [26130570],PRECIPITACION,Día pluviométrico (convencional),2018-02-14 00:00,mm,10,Preliminar
26130570,NUEVO LIBARE [26130570],PRECIPITACION,Día pluviométrico (convencional),2018-02-15 00:00,mm,4.5,Preliminar
26130570,NUEVO LIBARE [26130570],PRECIPITACION,Día pluviométrico (convencional),2018-02-16 00:00,mm,4.8,Preliminar
26130570,NUEVO LIBARE [26130570],PRECIPITACION,Día pluviométrico (convencional),2018-02-17 00:00,mm,45.8,Preliminar
26130570,NUEVO LIBARE [26130570],PRECIPITACION,Día pluviométrico (convencional),2018-02-18 00:00,mm,28.5,Preliminar
26130570,NUEVO LIBARE [26130570],PRECIPITACION,Día pluviométrico (convencional),2018-02-19 00:00,mm,0,Preliminar
26130570,NUEVO LIBARE [26130570],PRECIPITACION,Día pluviométrico (convencional),2018-02-20 00:00,mm,1.3,Preliminar
26130570,NUEVO LIBARE [26130570],PRECIPITACION,Día pluviométrico (convencional),2018-02-21 00:00,mm,3.4,Preliminar
26130570,NUEVO LIBARE [26130570],PRECIPITACION,Día pluviométrico (convencional),2018-02-22 00:00,mm,17.8,Preliminar
26130570,NUEVO LIBARE [26130570],PRECIPITACION,Día pluviométrico (convencional),2018-02-23 00:00,mm,14.8,Preliminar
26130570,NUEVO LIBARE [26130570],PRECIPITACION,Día pluviométrico (convencional),2018-02-24 00:00,mm,11.7,Preliminar
26130570,NUEVO LIBARE [26130570],PRECIPITACION,Día pluviométrico (convencional),2018-02-25 00:00,mm,0,Preliminar
26130570,NUEVO LIBARE [26130570],PRECIPITACION,Día pluviométrico (convencional),2018-02-26 00:00,mm,0,Preliminar
26130570,NUEVO LIBARE [26130570],PRECIPITACION,Día pluviométrico (convencional),2018-02-27 00:00,mm,0,Preliminar
26130570,NUEVO LIBARE [26130570],PRECIPITACION,Día pluviométrico (convencional),2018-02-28 00:00,mm,0,Preliminar
26130570,NUEVO LIBARE [26130570],PRECIPITACION,Día pluviométrico (convencional),2018-03-01 00:00,mm,3.6,Preliminar
26130570,NUEVO LIBARE [26130570],PRECIPITACION,Día pluviométrico (convencional),2018-03-02 00:00,mm,8.7,Preliminar
26130570,NUEVO LIBARE [26130570],PRECIPITACION,Día pluviométrico (convencional),2018-03-03 00:00,mm,0,Preliminar
26130570,NUEVO LIBARE [26130570],PRECIPITACION,Día pluviométrico (convencional),2018-03-04 00:00,mm,0.3,Preliminar
26130570,NUEVO LIBARE [26130570],PRECIPITACION,Día pluviométrico (convencional),2018-03-05 00:00,mm,1.2,Preliminar
26130570,NUEVO LIBARE [26130570],PRECIPITACION,Día pluviométrico (convencional),2018-03-06 00:00,mm,11.2,Preliminar
26130570,NUEVO LIBARE [26130570],PRECIPITACION,Día pluviométrico (convencional),2018-03-07 00:00,mm,0,Preliminar
26130570,NUEVO LIBARE [26130570],PRECIPITACION,Día pluviométrico (convencional),2018-03-08 00:00,mm,0,Preliminar
26130570,NUEVO LIBARE [26130570],PRECIPITACION,Día pluviométrico (convencional),2018-03-09 00:00,mm,0.3,Preliminar
26130570,NUEVO LIBARE [26130570],PRECIPITACION,Día pluviométrico (convencional),2018-03-10 00:00,mm,0,Preliminar
26130570,NUEVO LIBARE [26130570],PRECIPITACION,Día pluviométrico (convencional),2018-03-11 00:00,mm,0,Preliminar
26130570,NUEVO LIBARE [26130570],PRECIPITACION,Día pluviométrico (convencional),2018-03-12 00:00,mm,0,Preliminar
26130570,NUEVO LIBARE [26130570],PRECIPITACION,Día pluviométrico (convencional),2018-03-13 00:00,mm,3.4,Preliminar
26130570,NUEVO LIBARE [26130570],PRECIPITACION,Día pluviométrico (convencional),2018-03-14 00:00,mm,0,Preliminar
26130570,NUEVO LIBARE [26130570],PRECIPITACION,Día pluviométrico (convencional),2018-03-15 00:00,mm,0,Preliminar
26130570,NUEVO LIBARE [26130570],PRECIPITACION,Día pluviométrico (convencional),2018-03-16 00:00,mm,0,Preliminar
26130570,NUEVO LIBARE [26130570],PRECIPITACION,Día pluviométrico (convencional),2018-03-17 00:00,mm,12.8,Preliminar
26130570,NUEVO LIBARE [26130570],PRECIPITACION,Día pluviométrico (convencional),2018-03-18 00:00,mm,6.7,Preliminar
26130570,NUEVO LIBARE [26130570],PRECIPITACION,Día pluviométrico (convencional),2018-03-19 00:00,mm,11.8,Preliminar
26130570,NUEVO LIBARE [26130570],PRECIPITACION,Día pluviométrico (convencional),2018-03-20 00:00,mm,11.5,Preliminar
26130570,NUEVO LIBARE [26130570],PRECIPITACION,Día pluviométrico (convencional),2018-03-21 00:00,mm,1.6,Preliminar
26130570,NUEVO LIBARE [26130570],PRECIPITACION,Día pluviométrico (convencional),2018-03-22 00:00,mm,28.4,Preliminar
26130570,NUEVO LIBARE [26130570],PRECIPITACION,Día pluviométrico (convencional),2018-03-23 00:00,mm,35.8,Preliminar
26130570,NUEVO LIBARE [26130570],PRECIPITACION,Día pluviométrico (convencional),2018-03-24 00:00,mm,1.8,Preliminar
26130570,NUEVO LIBARE [26130570],PRECIPITACION,Día pluviométrico (convencional),2018-03-25 00:00,mm,1.6,Preliminar
26130570,NUEVO LIBARE [26130570],PRECIPITACION,Día pluviométrico (convencional),2018-03-26 00:00,mm,1.7,Preliminar
26130570,NUEVO LIBARE [26130570],PRECIPITACION,Día pluviométrico (convencional),2018-03-27 00:00,mm,13.4,Preliminar
26130570,NUEVO LIBARE [26130570],PRECIPITACION,Día pluviométrico (convencional),2018-03-28 00:00,mm,17,Preliminar
26130570,NUEVO LIBARE [26130570],PRECIPITACION,Día pluviométrico (convencional),2018-03-29 00:00,mm,5.8,Preliminar
26130570,NUEVO LIBARE [26130570],PRECIPITACION,Día pluviométrico (convencional),2018-03-30 00:00,mm,26.3,Preliminar
26130570,NUEVO LIBARE [26130570],PRECIPITACION,Día pluviométrico (convencional),2018-03-31 00:00,mm,37.6,Preliminar
26130570,NUEVO LIBARE [26130570],PRECIPITACION,Día pluviométrico (convencional),2018-04-01 00:00,mm,5.8,Preliminar
26130570,NUEVO LIBARE [26130570],PRECIPITACION,Día pluviométrico (convencional),2018-04-02 00:00,mm,4.5,Preliminar
26130570,NUEVO LIBARE [26130570],PRECIPITACION,Día pluviométrico (convencional),2018-04-03 00:00,mm,4.5,Preliminar
26130570,NUEVO LIBARE [26130570],PRECIPITACION,Día pluviométrico (convencional),2018-04-04 00:00,mm,12.4,Preliminar
26130570,NUEVO LIBARE [26130570],PRECIPITACION,Día pluviométrico (convencional),2018-04-05 00:00,mm,44.6,Preliminar
26130570,NUEVO LIBARE [26130570],PRECIPITACION,Día pluviométrico (convencional),2018-04-06 00:00,mm,3,Preliminar
26130570,NUEVO LIBARE [26130570],PRECIPITACION,Día pluviométrico (convencional),2018-04-07 00:00,mm,0,Preliminar
26130570,NUEVO LIBARE [26130570],PRECIPITACION,Día pluviométrico (convencional),2018-04-08 00:00,mm,0,Preliminar
26130570,NUEVO LIBARE [26130570],PRECIPITACION,Día pluviométrico (convencional),2018-04-09 00:00,mm,59.8,Preliminar
26130570,NUEVO LIBARE [26130570],PRECIPITACION,Día pluviométrico (convencional),2018-04-10 00:00,mm,9.7,Preliminar
26130570,NUEVO LIBARE [26130570],PRECIPITACION,Día pluviométrico (convencional),2018-04-11 00:00,mm,18.5,Preliminar
26130570,NUEVO LIBARE [26130570],PRECIPITACION,Día pluviométrico (convencional),2018-04-12 00:00,mm,8.4,Preliminar
